"",,,"1958-1962",,,,"1963-1967",,,,"1968-1972",,,,"1973-1977",,,,"1978-1982",,,,"1983-1987",,,,"1988-1992",,,,"1993-1997",,,,"1998-2002",,,,"2003-2007",,,,"2008-2012",,,,"2013-2017",,
"Afghanistan","MDG 7.5. Freshwater withdrawal as % of total renewable water resources (%)",,,"",,,,"",,,,"",,1975,16.38,"K",,,,"",,1987,39.97,"K",,,,"",,,,"",,2000,31.04,"K",,,,"",,,,"",,,,"",

"",,,"1958-1962",,,,"1963-1967",,,,"1968-1972",,,,"1973-1977",,,,"1978-1982",,,,"1983-1987",,,,"1988-1992",,,,"1993-1997",,,,"1998-2002",,,,"2003-2007",,,,"2008-2012",,,,"2013-2017",,
"Albania","MDG 7.5. Freshwater withdrawal as % of total renewable water resources (%)",,,"",,,,"",,,,"",,,,"",,,,"",,,,"",,1990,3.974,"I",,,,"",,2000,6.086,"I",,2006,4.341,"I",,,,"",,,,"",

"",,,"1958-1962",,,,"1963-1967",,,,"1968-1972",,,,"1973-1977",,,,"1978-1982",,,,"1983-1987",,,,"1988-1992",,,,"1993-1997",,,,"1998-2002",,,,"2003-2007",,,,"2008-2012",,,,"2013-2017",,
"Algeria","MDG 7.5. Freshwater withdrawal as % of total renewable water resources (%)",,,"",,,,"",,1970,17.14,"I",,1975,21.42,"I",,1980,25.71,"I",,1985,29.99,"I",,1990,38.01,"I",,,,"",,2001,48.89,"I",,,,"",,2012,66.92,"I",,,,"",

"",,,"1958-1962",,,,"1963-1967",,,,"1968-1972",,,,"1973-1977",,,,"1978-1982",,,,"1983-1987",,,,"1988-1992",,,,"1993-1997",,,,"1998-2002",,,,"2003-2007",,,,"2008-2012",,,,"2013-2017",,
"Andorra","MDG 7.5. Freshwater withdrawal as % of total renewable water resources (%)",,,"",,,,"",,,,"",,,,"",,,,"",,,,"",,,,"",,,,"",,,,"",,,,"",,,,"",,,,"",

"",,,"1958-1962",,,,"1963-1967",,,,"1968-1972",,,,"1973-1977",,,,"1978-1982",,,,"1983-1987",,,,"1988-1992",,,,"1993-1997",,,,"1998-2002",,,,"2003-2007",,,,"2008-2012",,,,"2013-2017",,
"Angola","MDG 7.5. Freshwater withdrawal as % of total renewable water resources (%)",,,"",,,,"",,,,"",,,,"",,,,"",,1987,0.3235,"I",,,,"",,,,"",,2000,0.4315,"I",,2005,0.4755,"I",,,,"",,,,"",

"",,,"1958-1962",,,,"1963-1967",,,,"1968-1972",,,,"1973-1977",,,,"1978-1982",,,,"1983-1987",,,,"1988-1992",,,,"1993-1997",,,,"1998-2002",,,,"2003-2007",,,,"2008-2012",,,,"2013-2017",,
"Antigua and Barbuda","MDG 7.5. Freshwater withdrawal as % of total renewable water resources (%)",,,"",,,,"",,,,"",,,,"",,,,"",,,,"",,1990,3.269,"",,,,"",,,,"",,2005,9.808,"I",,2012,8.462,"",,,,"",

"",,,"1958-1962",,,,"1963-1967",,,,"1968-1972",,,,"1973-1977",,,,"1978-1982",,,,"1983-1987",,,,"1988-1992",,,,"1993-1997",,,,"1998-2002",,,,"2003-2007",,,,"2008-2012",,,,"2013-2017",,
"Argentina","MDG 7.5. Freshwater withdrawal as % of total renewable water resources (%)",,,"",,,,"",,,,"",,1976,3.15,"",,,,"",,,,"",,,,"",,1995,3.262,"I",,,,"",,,,"",,2011,4.302,"",,,,"",

"",,,"1958-1962",,,,"1963-1967",,,,"1968-1972",,,,"1973-1977",,,,"1978-1982",,,,"1983-1987",,,,"1988-1992",,,,"1993-1997",,,,"1998-2002",,,,"2003-2007",,,,"2008-2012",,,,"2013-2017",,
"Armenia","MDG 7.5. Freshwater withdrawal as % of total renewable water resources (%)",,,"",,,,"",,,,"",,,,"",,,,"",,,,"",,,,"",,1995,37.65,"I",,2002,22.31,"I",,2007,36.79,"I",,2012,37.86,"I",,2015,42.12,"I",

"",,,"1958-1962",,,,"1963-1967",,,,"1968-1972",,,,"1973-1977",,,,"1978-1982",,,,"1983-1987",,,,"1988-1992",,,,"1993-1997",,,,"1998-2002",,,,"2003-2007",,,,"2008-2012",,,,"2013-2017",,
"Australia","MDG 7.5. Freshwater withdrawal as % of total renewable water resources (%)",,,"",,,,"",,,,"",,,,"",,,,"",,,,"",,,,"",,1996,4.478,"K",,2001,4.37,"I",,2005,3.762,"I",,2012,3.14,"",,2015,3.407,"I",

"",,,"1958-1962",,,,"1963-1967",,,,"1968-1972",,,,"1973-1977",,,,"1978-1982",,,,"1983-1987",,,,"1988-1992",,,,"1993-1997",,,,"1998-2002",,,,"2003-2007",,,,"2008-2012",,,,"2013-2017",,
"Austria","MDG 7.5. Freshwater withdrawal as % of total renewable water resources (%)",,,"",,,,"",,,,"",,,,"",,1980,4.299,"K",,1985,4.605,"K",,1990,4.897,"K",,1997,4.687,"K",,2002,4.718,"K",,,,"",,2010,4.494,"K",,,,"",

"",,,"1958-1962",,,,"1963-1967",,,,"1968-1972",,,,"1973-1977",,,,"1978-1982",,,,"1983-1987",,,,"1988-1992",,,,"1993-1997",,,,"1998-2002",,,,"2003-2007",,,,"2008-2012",,,,"2013-2017",,
"Azerbaijan","MDG 7.5. Freshwater withdrawal as % of total renewable water resources (%)",,,"",,,,"",,,,"",,,,"",,,,"",,,,"",,,,"",,1997,36.07,"I",,2002,29.04,"I",,2005,35.21,"I",,2012,34.52,"I",,,,"",

"",,,"1958-1962",,,,"1963-1967",,,,"1968-1972",,,,"1973-1977",,,,"1978-1982",,,,"1983-1987",,,,"1988-1992",,,,"1993-1997",,,,"1998-2002",,,,"2003-2007",,,,"2008-2012",,,,"2013-2017",,
"Bahamas","MDG 7.5. Freshwater withdrawal as % of total renewable water resources (%)",,,"",,,,"",,,,"",,,,"",,,,"",,,,"",,,,"",,,,"",,,,"",,,,"",,,,"",,,,"",

"",,,"1958-1962",,,,"1963-1967",,,,"1968-1972",,,,"1973-1977",,,,"1978-1982",,,,"1983-1987",,,,"1988-1992",,,,"1993-1997",,,,"1998-2002",,,,"2003-2007",,,,"2008-2012",,,,"2013-2017",,
"Bahrain","MDG 7.5. Freshwater withdrawal as % of total renewable water resources (%)",,,"",,,,"",,,,"",,,,"",,,,"",,,,"",,1990,161.1,"",,,,"",,,,"",,2003,205.8,"",,,,"",,,,"",

"",,,"1958-1962",,,,"1963-1967",,,,"1968-1972",,,,"1973-1977",,,,"1978-1982",,,,"1983-1987",,,,"1988-1992",,,,"1993-1997",,,,"1998-2002",,,,"2003-2007",,,,"2008-2012",,,,"2013-2017",,
"Bangladesh","MDG 7.5. Freshwater withdrawal as % of total renewable water resources (%)",,,"",,,,"",,,,"",,,,"",,,,"",,,,"",,,,"",,,,"",,,,"",,,,"",,2008,2.923,"I",,,,"",

"",,,"1958-1962",,,,"1963-1967",,,,"1968-1972",,,,"1973-1977",,,,"1978-1982",,,,"1983-1987",,,,"1988-1992",,,,"1993-1997",,,,"1998-2002",,,,"2003-2007",,,,"2008-2012",,,,"2013-2017",,
"Barbados","MDG 7.5. Freshwater withdrawal as % of total renewable water resources (%)",1962,37.5,"",,,,"",,,,"",,,,"",,,,"",,,,"",,,,"",,1996,101.2,"I",,,,"",,2005,87.5,"I",,,,"",,,,"",

"",,,"1958-1962",,,,"1963-1967",,,,"1968-1972",,,,"1973-1977",,,,"1978-1982",,,,"1983-1987",,,,"1988-1992",,,,"1993-1997",,,,"1998-2002",,,,"2003-2007",,,,"2008-2012",,,,"2013-2017",,
"Belarus","MDG 7.5. Freshwater withdrawal as % of total renewable water resources (%)",,,"",,,,"",,,,"",,,,"",,,,"",,,,"",,,,"",,1995,3.42,"I",,2000,3.173,"I",,2005,2.946,"I",,2010,2.674,"I",,2013,2.615,"I",

"",,,"1958-1962",,,,"1963-1967",,,,"1968-1972",,,,"1973-1977",,,,"1978-1982",,,,"1983-1987",,,,"1988-1992",,,,"1993-1997",,,,"1998-2002",,,,"2003-2007",,,,"2008-2012",,,,"2013-2017",,
"Belgium","MDG 7.5. Freshwater withdrawal as % of total renewable water resources (%)",,,"",,,,"",,,,"",,,,"",,1980,49.34,"I",,,,"",,,,"",,1997,42.02,"K",,2002,36.8,"K",,2007,33.96,"I",,2009,32.8,"I",,,,"",

"",,,"1958-1962",,,,"1963-1967",,,,"1968-1972",,,,"1973-1977",,,,"1978-1982",,,,"1983-1987",,,,"1988-1992",,,,"1993-1997",,,,"1998-2002",,,,"2003-2007",,,,"2008-2012",,,,"2013-2017",,
"Belize","MDG 7.5. Freshwater withdrawal as % of total renewable water resources (%)",,,"",,,,"",,,,"",,,,"",,,,"",,1987,0.092,"",,,,"",,,,"",,2000,0.4648,"",,,,"",,,,"",,,,"",

"",,,"1958-1962",,,,"1963-1967",,,,"1968-1972",,,,"1973-1977",,,,"1978-1982",,,,"1983-1987",,,,"1988-1992",,,,"1993-1997",,,,"1998-2002",,,,"2003-2007",,,,"2008-2012",,,,"2013-2017",,
"Benin","MDG 7.5. Freshwater withdrawal as % of total renewable water resources (%)",,,"",,,,"",,,,"",,,,"",,,,"",,1985,0.426,"",,,,"",,,,"",,2001,0.4926,"I",,,,"",,,,"",,,,"",

"",,,"1958-1962",,,,"1963-1967",,,,"1968-1972",,,,"1973-1977",,,,"1978-1982",,,,"1983-1987",,,,"1988-1992",,,,"1993-1997",,,,"1998-2002",,,,"2003-2007",,,,"2008-2012",,,,"2013-2017",,
"Bhutan","MDG 7.5. Freshwater withdrawal as % of total renewable water resources (%)",,,"",,,,"",,,,"",,,,"",,,,"",,,,"",,,,"",,,,"",,,,"",,,,"",,2008,0.4332,"I",,,,"",

"",,,"1958-1962",,,,"1963-1967",,,,"1968-1972",,,,"1973-1977",,,,"1978-1982",,,,"1983-1987",,,,"1988-1992",,,,"1993-1997",,,,"1998-2002",,,,"2003-2007",,,,"2008-2012",,,,"2013-2017",,
"Bolivia (Plurinational State of)","MDG 7.5. Freshwater withdrawal as % of total renewable water resources (%)",,,"",,,,"",,,,"",,,,"",,,,"",,1987,0.216,"",,,,"",,,,"",,,,"",,,,"",,2009,0.3638,"I",,,,"",

"",,,"1958-1962",,,,"1963-1967",,,,"1968-1972",,,,"1973-1977",,,,"1978-1982",,,,"1983-1987",,,,"1988-1992",,,,"1993-1997",,,,"1998-2002",,,,"2003-2007",,,,"2008-2012",,,,"2013-2017",,
"Bosnia and Herzegovina","MDG 7.5. Freshwater withdrawal as % of total renewable water resources (%)",,,"",,,,"",,,,"",,,,"",,,,"",,,,"",,,,"",,,,"",,,,"",,2005,0.8909,"K",,2012,0.8773,"K",,2013,0.8744,"K",

"",,,"1958-1962",,,,"1963-1967",,,,"1968-1972",,,,"1973-1977",,,,"1978-1982",,,,"1983-1987",,,,"1988-1992",,,,"1993-1997",,,,"1998-2002",,,,"2003-2007",,,,"2008-2012",,,,"2013-2017",,
"Botswana","MDG 7.5. Freshwater withdrawal as % of total renewable water resources (%)",,,"",,,,"",,,,"",,,,"",,,,"",,1985,0.612,"",,1992,0.9232,"I",,1995,1.172,"I",,2000,1.585,"I",,,,"",,,,"",,,,"",

"",,,"1958-1962",,,,"1963-1967",,,,"1968-1972",,,,"1973-1977",,,,"1978-1982",,,,"1983-1987",,,,"1988-1992",,,,"1993-1997",,,,"1998-2002",,,,"2003-2007",,,,"2008-2012",,,,"2013-2017",,
"Brazil","MDG 7.5. Freshwater withdrawal as % of total renewable water resources (%)",,,"",,,,"",,,,"",,,,"",,,,"",,1987,0.4052,"",,,,"",,1996,0.67,"",,,,"",,2006,0.6716,"",,2010,0.8648,"I",,,,"",

"",,,"1958-1962",,,,"1963-1967",,,,"1968-1972",,,,"1973-1977",,,,"1978-1982",,,,"1983-1987",,,,"1988-1992",,,,"1993-1997",,,,"1998-2002",,,,"2003-2007",,,,"2008-2012",,,,"2013-2017",,
"Brunei Darussalam","MDG 7.5. Freshwater withdrawal as % of total renewable water resources (%)",,,"",,,,"",,,,"",,,,"",,,,"",,,,"",,1991,0.8941,"",,1994,1.082,"",,,,"",,,,"",,,,"",,,,"",

"",,,"1958-1962",,,,"1963-1967",,,,"1968-1972",,,,"1973-1977",,,,"1978-1982",,,,"1983-1987",,,,"1988-1992",,,,"1993-1997",,,,"1998-2002",,,,"2003-2007",,,,"2008-2012",,,,"2013-2017",,
"Bulgaria","MDG 7.5. Freshwater withdrawal as % of total renewable water resources (%)",,,"",,,,"",,,,"",,,,"",,1980,66.57,"I",,1985,66.15,"I",,1990,35.18,"K",,,,"",,2002,30.93,"K",,2007,29.12,"K",,2012,26.83,"K",,2015,26.43,"I",

"",,,"1958-1962",,,,"1963-1967",,,,"1968-1972",,,,"1973-1977",,,,"1978-1982",,,,"1983-1987",,,,"1988-1992",,,,"1993-1997",,,,"1998-2002",,,,"2003-2007",,,,"2008-2012",,,,"2013-2017",,
"Burkina Faso","MDG 7.5. Freshwater withdrawal as % of total renewable water resources (%)",,,"",,,,"",,,,"",,,,"",,,,"",,1985,2.148,"I",,1992,2.785,"I",,,,"",,2001,5.301,"I",,2005,6.059,"I",,,,"",,,,"",

"",,,"1958-1962",,,,"1963-1967",,,,"1968-1972",,,,"1973-1977",,,,"1978-1982",,,,"1983-1987",,,,"1988-1992",,,,"1993-1997",,,,"1998-2002",,,,"2003-2007",,,,"2008-2012",,,,"2013-2017",,
"Burundi","MDG 7.5. Freshwater withdrawal as % of total renewable water resources (%)",,,"",,,,"",,,,"",,,,"",,,,"",,1987,0.7974,"I",,,,"",,,,"",,2000,2.297,"I",,,,"",,,,"",,,,"",

"",,,"1958-1962",,,,"1963-1967",,,,"1968-1972",,,,"1973-1977",,,,"1978-1982",,,,"1983-1987",,,,"1988-1992",,,,"1993-1997",,,,"1998-2002",,,,"2003-2007",,,,"2008-2012",,,,"2013-2017",,
"Cabo Verde","MDG 7.5. Freshwater withdrawal as % of total renewable water resources (%)",,,"",,,,"",,,,"",,,,"",,,,"",,,,"",,,,"",,,,"",,2001,6.767,"I",,,,"",,,,"",,,,"",

"",,,"1958-1962",,,,"1963-1967",,,,"1968-1972",,,,"1973-1977",,,,"1978-1982",,,,"1983-1987",,,,"1988-1992",,,,"1993-1997",,,,"1998-2002",,,,"2003-2007",,,,"2008-2012",,,,"2013-2017",,
"Cambodia","MDG 7.5. Freshwater withdrawal as % of total renewable water resources (%)",,,"",,,,"",,,,"",,,,"",,,,"",,,,"",,,,"",,,,"",,,,"",,2006,0.4587,"I",,,,"",,,,"",

"",,,"1958-1962",,,,"1963-1967",,,,"1968-1972",,,,"1973-1977",,,,"1978-1982",,,,"1983-1987",,,,"1988-1992",,,,"1993-1997",,,,"1998-2002",,,,"2003-2007",,,,"2008-2012",,,,"2013-2017",,
"Cameroon","MDG 7.5. Freshwater withdrawal as % of total renewable water resources (%)",,,"",,,,"",,,,"",,,,"",,,,"",,1987,0.1399,"I",,1992,0.1413,"I",,,,"",,2000,0.3414,"I",,,,"",,,,"",,,,"",

"",,,"1958-1962",,,,"1963-1967",,,,"1968-1972",,,,"1973-1977",,,,"1978-1982",,,,"1983-1987",,,,"1988-1992",,,,"1993-1997",,,,"1998-2002",,,,"2003-2007",,,,"2008-2012",,,,"2013-2017",,
"Canada","MDG 7.5. Freshwater withdrawal as % of total renewable water resources (%)",,,"",,,,"",,,,"",,,,"",,,,"",,1986,1.454,"I",,1991,1.554,"K",,1996,1.455,"K",,,,"",,2007,1.424,"K",,2009,1.337,"K",,,,"",

"",,,"1958-1962",,,,"1963-1967",,,,"1968-1972",,,,"1973-1977",,,,"1978-1982",,,,"1983-1987",,,,"1988-1992",,,,"1993-1997",,,,"1998-2002",,,,"2003-2007",,,,"2008-2012",,,,"2013-2017",,
"Central African Republic","MDG 7.5. Freshwater withdrawal as % of total renewable water resources (%)",,,"",,,,"",,,,"",,,,"",,,,"",,1987,0.0138,"I",,,,"",,,,"",,2000,0.047,"I",,2005,0.0514,"I",,,,"",,,,"",

"",,,"1958-1962",,,,"1963-1967",,,,"1968-1972",,,,"1973-1977",,,,"1978-1982",,,,"1983-1987",,,,"1988-1992",,,,"1993-1997",,,,"1998-2002",,,,"2003-2007",,,,"2008-2012",,,,"2013-2017",,
"Chad","MDG 7.5. Freshwater withdrawal as % of total renewable water resources (%)",,,"",,,,"",,,,"",,,,"",,,,"",,1987,0.3961,"I",,,,"",,,,"",,2002,1.858,"I",,2005,1.925,"I",,,,"",,,,"",

"",,,"1958-1962",,,,"1963-1967",,,,"1968-1972",,,,"1973-1977",,,,"1978-1982",,,,"1983-1987",,,,"1988-1992",,,,"1993-1997",,,,"1998-2002",,,,"2003-2007",,,,"2008-2012",,,,"2013-2017",,
"Chile","MDG 7.5. Freshwater withdrawal as % of total renewable water resources (%)",,,"",,,,"",,,,"",,,,"",,,,"",,,,"",,1992,2.198,"I",,,,"",,,,"",,2006,3.831,"I",,,,"",,,,"",

"",,,"1958-1962",,,,"1963-1967",,,,"1968-1972",,,,"1973-1977",,,,"1978-1982",,,,"1983-1987",,,,"1988-1992",,,,"1993-1997",,,,"1998-2002",,,,"2003-2007",,,,"2008-2012",,,,"2013-2017",,
"China","MDG 7.5. Freshwater withdrawal as % of total renewable water resources (%)",,,"",,,,"",,,,"",,,,"",,1980,15.62,"I",,1985,16.94,"I",,1990,17.61,"I",,1993,18.5,"I",,2000,19.36,"I",,2007,20.12,"I",,2012,21.12,"I",,2015,20.92,"I",

"",,,"1958-1962",,,,"1963-1967",,,,"1968-1972",,,,"1973-1977",,,,"1978-1982",,,,"1983-1987",,,,"1988-1992",,,,"1993-1997",,,,"1998-2002",,,,"2003-2007",,,,"2008-2012",,,,"2013-2017",,
"Colombia","MDG 7.5. Freshwater withdrawal as % of total renewable water resources (%)",,,"",,,,"",,,,"",,,,"",,,,"",,,,"",,,,"",,1996,0.42,"",,2000,0.3282,"I",,,,"",,2008,0.4987,"I",,,,"",

"",,,"1958-1962",,,,"1963-1967",,,,"1968-1972",,,,"1973-1977",,,,"1978-1982",,,,"1983-1987",,,,"1988-1992",,,,"1993-1997",,,,"1998-2002",,,,"2003-2007",,,,"2008-2012",,,,"2013-2017",,
"Comoros","MDG 7.5. Freshwater withdrawal as % of total renewable water resources (%)",,,"",,,,"",,,,"",,,,"",,,,"",,,,"",,,,"",,,,"",,1999,0.8333,"",,,,"",,,,"",,,,"",

"",,,"1958-1962",,,,"1963-1967",,,,"1968-1972",,,,"1973-1977",,,,"1978-1982",,,,"1983-1987",,,,"1988-1992",,,,"1993-1997",,,,"1998-2002",,,,"2003-2007",,,,"2008-2012",,,,"2013-2017",,
"Congo","MDG 7.5. Freshwater withdrawal as % of total renewable water resources (%)",,,"",,,,"",,,,"",,,,"",,,,"",,1987,0.0048,"I",,,,"",,,,"",,2002,0.0055,"I",,,,"",,,,"",,,,"",

"",,,"1958-1962",,,,"1963-1967",,,,"1968-1972",,,,"1973-1977",,,,"1978-1982",,,,"1983-1987",,,,"1988-1992",,,,"1993-1997",,,,"1998-2002",,,,"2003-2007",,,,"2008-2012",,,,"2013-2017",,
"Cook Islands","MDG 7.5. Freshwater withdrawal as % of total renewable water resources (%)",,,"",,,,"",,,,"",,,,"",,,,"",,,,"",,,,"",,,,"",,,,"",,,,"",,,,"",,,,"",

"",,,"1958-1962",,,,"1963-1967",,,,"1968-1972",,,,"1973-1977",,,,"1978-1982",,,,"1983-1987",,,,"1988-1992",,,,"1993-1997",,,,"1998-2002",,,,"2003-2007",,,,"2008-2012",,,,"2013-2017",,
"Costa Rica","MDG 7.5. Freshwater withdrawal as % of total renewable water resources (%)",,,"",,,,"",,,,"",,,,"",,,,"",,,,"",,,,"",,,,"",,,,"",,,,"",,,,"",,2013,2.077,"",

"",,,"1958-1962",,,,"1963-1967",,,,"1968-1972",,,,"1973-1977",,,,"1978-1982",,,,"1983-1987",,,,"1988-1992",,,,"1993-1997",,,,"1998-2002",,,,"2003-2007",,,,"2008-2012",,,,"2013-2017",,
"Côte d'Ivoire","MDG 7.5. Freshwater withdrawal as % of total renewable water resources (%)",,,"",,,,"",,,,"",,,,"",,,,"",,1987,0.8426,"I",,1990,1.307,"I",,1994,1.464,"I",,2000,1.675,"I",,2005,1.841,"I",,,,"",,,,"",

"",,,"1958-1962",,,,"1963-1967",,,,"1968-1972",,,,"1973-1977",,,,"1978-1982",,,,"1983-1987",,,,"1988-1992",,,,"1993-1997",,,,"1998-2002",,,,"2003-2007",,,,"2008-2012",,,,"2013-2017",,
"Croatia","MDG 7.5. Freshwater withdrawal as % of total renewable water resources (%)",,,"",,,,"",,,,"",,,,"",,,,"",,,,"",,,,"",,,,"",,,,"",,,,"",,2012,0.6344,"K",,2013,0.6008,"K",

"",,,"1958-1962",,,,"1963-1967",,,,"1968-1972",,,,"1973-1977",,,,"1978-1982",,,,"1983-1987",,,,"1988-1992",,,,"1993-1997",,,,"1998-2002",,,,"2003-2007",,,,"2008-2012",,,,"2013-2017",,
"Cuba","MDG 7.5. Freshwater withdrawal as % of total renewable water resources (%)",,,"",,,,"",,,,"",,,,"",,,,"",,,,"",,,,"",,1995,13.67,"I",,,,"",,2007,12.95,"I",,,,"",,2013,18.26,"I",

"",,,"1958-1962",,,,"1963-1967",,,,"1968-1972",,,,"1973-1977",,,,"1978-1982",,,,"1983-1987",,,,"1988-1992",,,,"1993-1997",,,,"1998-2002",,,,"2003-2007",,,,"2008-2012",,,,"2013-2017",,
"Cyprus","MDG 7.5. Freshwater withdrawal as % of total renewable water resources (%)",,,"",,,,"",,,,"",,1975,19.87,"I",,1980,22.69,"I",,1985,25.64,"I",,1990,28.59,"I",,1993,26.67,"I",,2002,21.88,"K",,2007,21.04,"K",,2012,25.68,"K",,2013,28.44,"K",

"",,,"1958-1962",,,,"1963-1967",,,,"1968-1972",,,,"1973-1977",,,,"1978-1982",,,,"1983-1987",,,,"1988-1992",,,,"1993-1997",,,,"1998-2002",,,,"2003-2007",,,,"2008-2012",,,,"2013-2017",,
"Czechia","MDG 7.5. Freshwater withdrawal as % of total renewable water resources (%)",,,"",,,,"",,,,"",,,,"",,,,"",,,,"",,,,"",,1997,18.96,"K",,2002,14.51,"K",,2007,14.97,"K",,2012,14.0,"K",,2013,12.55,"K",

"",,,"1958-1962",,,,"1963-1967",,,,"1968-1972",,,,"1973-1977",,,,"1978-1982",,,,"1983-1987",,,,"1988-1992",,,,"1993-1997",,,,"1998-2002",,,,"2003-2007",,,,"2008-2012",,,,"2013-2017",,
"Democratic People's Republic of Korea","MDG 7.5. Freshwater withdrawal as % of total renewable water resources (%)",,,"",,,,"",,,,"",,,,"",,,,"",,,,"",,,,"",,,,"",,,,"",,2005,11.22,"I",,,,"",,,,"",

"",,,"1958-1962",,,,"1963-1967",,,,"1968-1972",,,,"1973-1977",,,,"1978-1982",,,,"1983-1987",,,,"1988-1992",,,,"1993-1997",,,,"1998-2002",,,,"2003-2007",,,,"2008-2012",,,,"2013-2017",,
"Democratic Republic of the Congo","MDG 7.5. Freshwater withdrawal as % of total renewable water resources (%)",,,"",,,,"",,,,"",,,,"",,,,"",,,,"",,,,"",,,,"",,2000,0.0455,"I",,2005,0.0533,"I",,,,"",,,,"",

"",,,"1958-1962",,,,"1963-1967",,,,"1968-1972",,,,"1973-1977",,,,"1978-1982",,,,"1983-1987",,,,"1988-1992",,,,"1993-1997",,,,"1998-2002",,,,"2003-2007",,,,"2008-2012",,,,"2013-2017",,
"Denmark","MDG 7.5. Freshwater withdrawal as % of total renewable water resources (%)",,,"",,,,"",,1970,12.0,"K",,1975,20.08,"K",,1980,20.08,"K",,1985,28.42,"K",,1990,20.77,"K",,1997,15.29,"K",,2002,10.88,"K",,2007,9.263,"K",,2012,10.62,"K",,,,"",

"",,,"1958-1962",,,,"1963-1967",,,,"1968-1972",,,,"1973-1977",,,,"1978-1982",,,,"1983-1987",,,,"1988-1992",,,,"1993-1997",,,,"1998-2002",,,,"2003-2007",,,,"2008-2012",,,,"2013-2017",,
"Djibouti","MDG 7.5. Freshwater withdrawal as % of total renewable water resources (%)",,,"",,,,"",,,,"",,,,"",,,,"",,1985,2.667,"I",,,,"",,,,"",,2000,6.267,"I",,,,"",,,,"",,,,"",

"",,,"1958-1962",,,,"1963-1967",,,,"1968-1972",,,,"1973-1977",,,,"1978-1982",,,,"1983-1987",,,,"1988-1992",,,,"1993-1997",,,,"1998-2002",,,,"2003-2007",,,,"2008-2012",,,,"2013-2017",,
"Dominica","MDG 7.5. Freshwater withdrawal as % of total renewable water resources (%)",,,"",,,,"",,,,"",,,,"",,,,"",,,,"",,,,"",,1996,8.3,"I",,2000,8.3,"I",,2004,8.3,"I",,2010,10.0,"I",,,,"",

"",,,"1958-1962",,,,"1963-1967",,,,"1968-1972",,,,"1973-1977",,,,"1978-1982",,,,"1983-1987",,,,"1988-1992",,,,"1993-1997",,,,"1998-2002",,,,"2003-2007",,,,"2008-2012",,,,"2013-2017",,
"Dominican Republic","MDG 7.5. Freshwater withdrawal as % of total renewable water resources (%)",,,"",,,,"",,,,"",,,,"",,,,"",,,,"",,,,"",,,,"",,2000,20.7,"I",,2005,23.2,"I",,2010,30.37,"I",,,,"",

"",,,"1958-1962",,,,"1963-1967",,,,"1968-1972",,,,"1973-1977",,,,"1978-1982",,,,"1983-1987",,,,"1988-1992",,,,"1993-1997",,,,"1998-2002",,,,"2003-2007",,,,"2008-2012",,,,"2013-2017",,
"Ecuador","MDG 7.5. Freshwater withdrawal as % of total renewable water resources (%)",,,"",,,,"",,,,"",,,,"",,,,"",,,,"",,,,"",,,,"",,2000,2.117,"I",,2005,2.241,"I",,,,"",,,,"",

"",,,"1958-1962",,,,"1963-1967",,,,"1968-1972",,,,"1973-1977",,,,"1978-1982",,,,"1983-1987",,,,"1988-1992",,,,"1993-1997",,,,"1998-2002",,,,"2003-2007",,,,"2008-2012",,,,"2013-2017",,
"Egypt","MDG 7.5. Freshwater withdrawal as % of total renewable water resources (%)",,,"",,,,"",,,,"",,1975,82.68,"",,,,"",,,,"",,,,"",,1995,100.6,"I",,2000,97.82,"I",,,,"",,2010,126.6,"",,,,"",

"",,,"1958-1962",,,,"1963-1967",,,,"1968-1972",,,,"1973-1977",,,,"1978-1982",,,,"1983-1987",,,,"1988-1992",,,,"1993-1997",,,,"1998-2002",,,,"2003-2007",,,,"2008-2012",,,,"2013-2017",,
"El Salvador","MDG 7.5. Freshwater withdrawal as % of total renewable water resources (%)",,,"",,,,"",,,,"",,,,"",,,,"",,,,"",,1992,2.775,"I",,,,"",,2000,5.238,"I",,2005,8.062,"",,,,"",,,,"",

"",,,"1958-1962",,,,"1963-1967",,,,"1968-1972",,,,"1973-1977",,,,"1978-1982",,,,"1983-1987",,,,"1988-1992",,,,"1993-1997",,,,"1998-2002",,,,"2003-2007",,,,"2008-2012",,,,"2013-2017",,
"Equatorial Guinea","MDG 7.5. Freshwater withdrawal as % of total renewable water resources (%)",,,"",,,,"",,,,"",,,,"",,,,"",,1987,0.0385,"I",,,,"",,,,"",,2000,0.0669,"I",,,,"",,,,"",,,,"",

"",,,"1958-1962",,,,"1963-1967",,,,"1968-1972",,,,"1973-1977",,,,"1978-1982",,,,"1983-1987",,,,"1988-1992",,,,"1993-1997",,,,"1998-2002",,,,"2003-2007",,,,"2008-2012",,,,"2013-2017",,
"Eritrea","MDG 7.5. Freshwater withdrawal as % of total renewable water resources (%)",,,"",,,,"",,,,"",,,,"",,,,"",,,,"",,,,"",,,,"",,2000,5.651,"I",,2004,7.956,"I",,,,"",,,,"",

"",,,"1958-1962",,,,"1963-1967",,,,"1968-1972",,,,"1973-1977",,,,"1978-1982",,,,"1983-1987",,,,"1988-1992",,,,"1993-1997",,,,"1998-2002",,,,"2003-2007",,,,"2008-2012",,,,"2013-2017",,
"Estonia","MDG 7.5. Freshwater withdrawal as % of total renewable water resources (%)",,,"",,,,"",,,,"",,,,"",,,,"",,,,"",,1992,20.53,"K",,1995,10.6,"I",,2002,11.03,"K",,2007,14.32,"K",,2012,12.73,"I",,2014,13.43,"I",

"",,,"1958-1962",,,,"1963-1967",,,,"1968-1972",,,,"1973-1977",,,,"1978-1982",,,,"1983-1987",,,,"1988-1992",,,,"1993-1997",,,,"1998-2002",,,,"2003-2007",,,,"2008-2012",,,,"2013-2017",,
"Ethiopia","MDG 7.5. Freshwater withdrawal as % of total renewable water resources (%)",,,"",,,,"",,,,"",,,,"",,,,"",,,,"",,,,"",,,,"",,2002,4.556,"I",,2005,6.443,"I",,,,"",,2016,8.648,"K",

"",,,"1958-1962",,,,"1963-1967",,,,"1968-1972",,,,"1973-1977",,,,"1978-1982",,,,"1983-1987",,,,"1988-1992",,,,"1993-1997",,,,"1998-2002",,,,"2003-2007",,,,"2008-2012",,,,"2013-2017",,
"Faroe Islands","MDG 7.5. Freshwater withdrawal as % of total renewable water resources (%)",,,"",,,,"",,,,"",,,,"",,,,"",,,,"",,,,"",,,,"",,,,"",,,,"",,,,"",,,,"",

"",,,"1958-1962",,,,"1963-1967",,,,"1968-1972",,,,"1973-1977",,,,"1978-1982",,,,"1983-1987",,,,"1988-1992",,,,"1993-1997",,,,"1998-2002",,,,"2003-2007",,,,"2008-2012",,,,"2013-2017",,
"Fiji","MDG 7.5. Freshwater withdrawal as % of total renewable water resources (%)",,,"",,,,"",,,,"",,,,"",,,,"",,1987,0.1051,"K",,,,"",,,,"",,2000,0.2862,"K",,2005,0.2974,"K",,,,"",,,,"",

"",,,"1958-1962",,,,"1963-1967",,,,"1968-1972",,,,"1973-1977",,,,"1978-1982",,,,"1983-1987",,,,"1988-1992",,,,"1993-1997",,,,"1998-2002",,,,"2003-2007",,,,"2008-2012",,,,"2013-2017",,
"Finland","MDG 7.5. Freshwater withdrawal as % of total renewable water resources (%)",,,"",,,,"",,1970,3.0,"K",,1975,3.227,"K",,1980,3.364,"K",,1985,3.636,"K",,1990,2.134,"K",,1995,2.351,"K",,1999,2.116,"K",,2006,5.965,"K",,,,"",,,,"",

"",,,"1958-1962",,,,"1963-1967",,,,"1968-1972",,,,"1973-1977",,,,"1978-1982",,,,"1983-1987",,,,"1988-1992",,,,"1993-1997",,,,"1998-2002",,,,"2003-2007",,,,"2008-2012",,,,"2013-2017",,
"France","MDG 7.5. Freshwater withdrawal as % of total renewable water resources (%)",,,"",,,,"",,,,"",,,,"",,1980,14.67,"K",,1985,16.53,"K",,1992,18.58,"K",,1997,14.37,"K",,2002,15.34,"K",,2007,14.69,"K",,2012,14.13,"K",,,,"",

"",,,"1958-1962",,,,"1963-1967",,,,"1968-1972",,,,"1973-1977",,,,"1978-1982",,,,"1983-1987",,,,"1988-1992",,,,"1993-1997",,,,"1998-2002",,,,"2003-2007",,,,"2008-2012",,,,"2013-2017",,
"Gabon","MDG 7.5. Freshwater withdrawal as % of total renewable water resources (%)",,,"",,,,"",,,,"",,,,"",,,,"",,1987,0.0361,"I",,,,"",,,,"",,2000,0.0725,"I",,2005,0.0838,"I",,,,"",,,,"",

"",,,"1958-1962",,,,"1963-1967",,,,"1968-1972",,,,"1973-1977",,,,"1978-1982",,,,"1983-1987",,,,"1988-1992",,,,"1993-1997",,,,"1998-2002",,,,"2003-2007",,,,"2008-2012",,,,"2013-2017",,
"Gambia","MDG 7.5. Freshwater withdrawal as % of total renewable water resources (%)",,,"",,,,"",,,,"",,,,"",,1982,0.25,"I",,,,"",,,,"",,,,"",,2000,1.131,"I",,,,"",,,,"",,,,"",

"",,,"1958-1962",,,,"1963-1967",,,,"1968-1972",,,,"1973-1977",,,,"1978-1982",,,,"1983-1987",,,,"1988-1992",,,,"1993-1997",,,,"1998-2002",,,,"2003-2007",,,,"2008-2012",,,,"2013-2017",,
"Georgia","MDG 7.5. Freshwater withdrawal as % of total renewable water resources (%)",,,"",,,,"",,,,"",,,,"",,,,"",,,,"",,,,"",,,,"",,,,"",,2005,2.863,"I",,2008,2.879,"I",,,,"",

"",,,"1958-1962",,,,"1963-1967",,,,"1968-1972",,,,"1973-1977",,,,"1978-1982",,,,"1983-1987",,,,"1988-1992",,,,"1993-1997",,,,"1998-2002",,,,"2003-2007",,,,"2008-2012",,,,"2013-2017",,
"Germany","MDG 7.5. Freshwater withdrawal as % of total renewable water resources (%)",,,"",,,,"",,,,"",,,,"",,,,"",,,,"",,1991,30.05,"K",,1995,29.35,"I",,2001,25.4,"K",,2007,20.95,"I",,2010,21.42,"I",,,,"",

"",,,"1958-1962",,,,"1963-1967",,,,"1968-1972",,,,"1973-1977",,,,"1978-1982",,,,"1983-1987",,,,"1988-1992",,,,"1993-1997",,,,"1998-2002",,,,"2003-2007",,,,"2008-2012",,,,"2013-2017",,
"Ghana","MDG 7.5. Freshwater withdrawal as % of total renewable water resources (%)",,,"",,,,"",,1970,0.5338,"I",,,,"",,,,"",,,,"",,,,"",,,,"",,2000,1.747,"I",,,,"",,,,"",,,,"",

"",,,"1958-1962",,,,"1963-1967",,,,"1968-1972",,,,"1973-1977",,,,"1978-1982",,,,"1983-1987",,,,"1988-1992",,,,"1993-1997",,,,"1998-2002",,,,"2003-2007",,,,"2008-2012",,,,"2013-2017",,
"Greece","MDG 7.5. Freshwater withdrawal as % of total renewable water resources (%)",,,"",,,,"",,1970,6.219,"K",,1975,6.251,"K",,1980,7.354,"K",,1985,8.02,"K",,1992,11.74,"K",,1997,12.7,"K",,2002,13.49,"K",,2007,14.02,"K",,,,"",,,,"",

"",,,"1958-1962",,,,"1963-1967",,,,"1968-1972",,,,"1973-1977",,,,"1978-1982",,,,"1983-1987",,,,"1988-1992",,,,"1993-1997",,,,"1998-2002",,,,"2003-2007",,,,"2008-2012",,,,"2013-2017",,
"Grenada","MDG 7.5. Freshwater withdrawal as % of total renewable water resources (%)",,,"",,,,"",,,,"",,,,"",,,,"",,,,"",,,,"",,,,"",,,,"",,2005,5.0,"I",,,,"",,2014,7.05,"I",

"",,,"1958-1962",,,,"1963-1967",,,,"1968-1972",,,,"1973-1977",,,,"1978-1982",,,,"1983-1987",,,,"1988-1992",,,,"1993-1997",,,,"1998-2002",,,,"2003-2007",,,,"2008-2012",,,,"2013-2017",,
"Guatemala","MDG 7.5. Freshwater withdrawal as % of total renewable water resources (%)",,,"",,,,"",,,,"",,,,"",,,,"",,,,"",,,,"",,,,"",,,,"",,2006,2.599,"",,,,"",,,,"",

"",,,"1958-1962",,,,"1963-1967",,,,"1968-1972",,,,"1973-1977",,,,"1978-1982",,,,"1983-1987",,,,"1988-1992",,,,"1993-1997",,,,"1998-2002",,,,"2003-2007",,,,"2008-2012",,,,"2013-2017",,
"Guinea","MDG 7.5. Freshwater withdrawal as % of total renewable water resources (%)",,,"",,,,"",,,,"",,,,"",,,,"",,1987,0.3274,"I",,,,"",,,,"",,2001,0.2448,"I",,,,"",,,,"",,,,"",

"",,,"1958-1962",,,,"1963-1967",,,,"1968-1972",,,,"1973-1977",,,,"1978-1982",,,,"1983-1987",,,,"1988-1992",,,,"1993-1997",,,,"1998-2002",,,,"2003-2007",,,,"2008-2012",,,,"2013-2017",,
"Guinea-Bissau","MDG 7.5. Freshwater withdrawal as % of total renewable water resources (%)",,,"",,,,"",,,,"",,,,"",,,,"",,,,"",,1991,0.0529,"I",,1996,0.5573,"I",,2000,0.5573,"I",,,,"",,,,"",,,,"",

"",,,"1958-1962",,,,"1963-1967",,,,"1968-1972",,,,"1973-1977",,,,"1978-1982",,,,"1983-1987",,,,"1988-1992",,,,"1993-1997",,,,"1998-2002",,,,"2003-2007",,,,"2008-2012",,,,"2013-2017",,
"Guyana","MDG 7.5. Freshwater withdrawal as % of total renewable water resources (%)",,,"",,,,"",,,,"",,,,"",,,,"",,,,"",,1992,0.5387,"",,,,"",,2000,0.6052,"I",,,,"",,2010,0.5332,"I",,,,"",

"",,,"1958-1962",,,,"1963-1967",,,,"1968-1972",,,,"1973-1977",,,,"1978-1982",,,,"1983-1987",,,,"1988-1992",,,,"1993-1997",,,,"1998-2002",,,,"2003-2007",,,,"2008-2012",,,,"2013-2017",,
"Haiti","MDG 7.5. Freshwater withdrawal as % of total renewable water resources (%)",,,"",,,,"",,,,"",,,,"",,,,"",,,,"",,1991,7.5,"",,1995,9.159,"",,,,"",,,,"",,2009,10.33,"I",,,,"",

"",,,"1958-1962",,,,"1963-1967",,,,"1968-1972",,,,"1973-1977",,,,"1978-1982",,,,"1983-1987",,,,"1988-1992",,,,"1993-1997",,,,"1998-2002",,,,"2003-2007",,,,"2008-2012",,,,"2013-2017",,
"Holy See","MDG 7.5. Freshwater withdrawal as % of total renewable water resources (%)",,,"",,,,"",,,,"",,,,"",,,,"",,,,"",,,,"",,,,"",,,,"",,,,"",,,,"",,,,"",

"",,,"1958-1962",,,,"1963-1967",,,,"1968-1972",,,,"1973-1977",,,,"1978-1982",,,,"1983-1987",,,,"1988-1992",,,,"1993-1997",,,,"1998-2002",,,,"2003-2007",,,,"2008-2012",,,,"2013-2017",,
"Honduras","MDG 7.5. Freshwater withdrawal as % of total renewable water resources (%)",,,"",,,,"",,,,"",,,,"",,,,"",,,,"",,,,"",,,,"",,,,"",,2003,1.744,"",,,,"",,,,"",

"",,,"1958-1962",,,,"1963-1967",,,,"1968-1972",,,,"1973-1977",,,,"1978-1982",,,,"1983-1987",,,,"1988-1992",,,,"1993-1997",,,,"1998-2002",,,,"2003-2007",,,,"2008-2012",,,,"2013-2017",,
"Hungary","MDG 7.5. Freshwater withdrawal as % of total renewable water resources (%)",,,"",,,,"",,1970,2.865,"K",,1975,3.812,"K",,1980,4.62,"K",,1985,6.107,"I",,1992,6.862,"K",,1996,5.779,"K",,2002,5.5,"K",,2007,5.369,"K",,2012,4.857,"K",,,,"",

"",,,"1958-1962",,,,"1963-1967",,,,"1968-1972",,,,"1973-1977",,,,"1978-1982",,,,"1983-1987",,,,"1988-1992",,,,"1993-1997",,,,"1998-2002",,,,"2003-2007",,,,"2008-2012",,,,"2013-2017",,
"Iceland","MDG 7.5. Freshwater withdrawal as % of total renewable water resources (%)",,,"",,,,"",,,,"",,,,"",,1980,0.0635,"K",,1985,0.0659,"K",,1992,0.0982,"K",,,,"",,2002,0.0971,"K",,2004,0.0971,"K",,2012,2.101,"K",,2015,0.1637,"",

"",,,"1958-1962",,,,"1963-1967",,,,"1968-1972",,,,"1973-1977",,,,"1978-1982",,,,"1983-1987",,,,"1988-1992",,,,"1993-1997",,,,"1998-2002",,,,"2003-2007",,,,"2008-2012",,,,"2013-2017",,
"India","MDG 7.5. Freshwater withdrawal as % of total renewable water resources (%)",,,"",,,,"",,,,"",,1975,19.88,"I",,1980,22.94,"I",,1986,26.03,"I",,1990,26.16,"I",,,,"",,2000,31.94,"I",,,,"",,2010,33.88,"I",,,,"",

"",,,"1958-1962",,,,"1963-1967",,,,"1968-1972",,,,"1973-1977",,,,"1978-1982",,,,"1983-1987",,,,"1988-1992",,,,"1993-1997",,,,"1998-2002",,,,"2003-2007",,,,"2008-2012",,,,"2013-2017",,
"Indonesia","MDG 7.5. Freshwater withdrawal as % of total renewable water resources (%)",,,"",,,,"",,,,"",,,,"",,,,"",,,,"",,1990,3.681,"",,,,"",,2000,5.612,"I",,,,"",,,,"",,,,"",

"",,,"1958-1962",,,,"1963-1967",,,,"1968-1972",,,,"1973-1977",,,,"1978-1982",,,,"1983-1987",,,,"1988-1992",,,,"1993-1997",,,,"1998-2002",,,,"2003-2007",,,,"2008-2012",,,,"2013-2017",,
"Iran (Islamic Republic of)","MDG 7.5. Freshwater withdrawal as % of total renewable water resources (%)",,,"",,,,"",,,,"",,1975,32.85,"I",,,,"",,,,"",,,,"",,1995,50.93,"",,2001,65.47,"I",,2004,67.96,"I",,,,"",,,,"",

"",,,"1958-1962",,,,"1963-1967",,,,"1968-1972",,,,"1973-1977",,,,"1978-1982",,,,"1983-1987",,,,"1988-1992",,,,"1993-1997",,,,"1998-2002",,,,"2003-2007",,,,"2008-2012",,,,"2013-2017",,
"Iraq","MDG 7.5. Freshwater withdrawal as % of total renewable water resources (%)",,,"",,,,"",,,,"",,1975,45.14,"I",,1980,45.4,"I",,1985,45.65,"I",,1990,47.63,"I",,1995,60.53,"I",,2000,73.44,"I",,,,"",,,,"",,,,"",

"",,,"1958-1962",,,,"1963-1967",,,,"1968-1972",,,,"1973-1977",,,,"1978-1982",,,,"1983-1987",,,,"1988-1992",,,,"1993-1997",,,,"1998-2002",,,,"2003-2007",,,,"2008-2012",,,,"2013-2017",,
"Ireland","MDG 7.5. Freshwater withdrawal as % of total renewable water resources (%)",,,"",,,,"",,,,"",,,,"",,1980,2.058,"K",,,,"",,,,"",,1994,2.262,"K",,,,"",,2007,1.403,"K",,2009,1.456,"K",,,,"",

"",,,"1958-1962",,,,"1963-1967",,,,"1968-1972",,,,"1973-1977",,,,"1978-1982",,,,"1983-1987",,,,"1988-1992",,,,"1993-1997",,,,"1998-2002",,,,"2003-2007",,,,"2008-2012",,,,"2013-2017",,
"Israel","MDG 7.5. Freshwater withdrawal as % of total renewable water resources (%)",,,"",,,,"",,1970,86.63,"I",,1975,89.78,"I",,1980,92.3,"I",,1986,96.63,"I",,1990,88.99,"I",,1995,86.07,"K",,2002,86.69,"I",,2004,79.72,"I",,,,"",,,,"",

"",,,"1958-1962",,,,"1963-1967",,,,"1968-1972",,,,"1973-1977",,,,"1978-1982",,,,"1983-1987",,,,"1988-1992",,,,"1993-1997",,,,"1998-2002",,,,"2003-2007",,,,"2008-2012",,,,"2013-2017",,
"Italy","MDG 7.5. Freshwater withdrawal as % of total renewable water resources (%)",,,"",,,,"",,1970,21.75,"",,,,"",,,,"",,,,"",,,,"",,,,"",,2000,23.57,"K",,,,"",,2008,28.1,"K",,,,"",

"",,,"1958-1962",,,,"1963-1967",,,,"1968-1972",,,,"1973-1977",,,,"1978-1982",,,,"1983-1987",,,,"1988-1992",,,,"1993-1997",,,,"1998-2002",,,,"2003-2007",,,,"2008-2012",,,,"2013-2017",,
"Jamaica","MDG 7.5. Freshwater withdrawal as % of total renewable water resources (%)",,,"",,,,"",,,,"",,,,"",,,,"",,,,"",,,,"",,1993,8.572,"I",,,,"",,2007,7.5,"I",,,,"",,,,"",

"",,,"1958-1962",,,,"1963-1967",,,,"1968-1972",,,,"1973-1977",,,,"1978-1982",,,,"1983-1987",,,,"1988-1992",,,,"1993-1997",,,,"1998-2002",,,,"2003-2007",,,,"2008-2012",,,,"2013-2017",,
"Japan","MDG 7.5. Freshwater withdrawal as % of total renewable water resources (%)",,,"",,,,"",,,,"",,,,"",,1980,20.51,"",,,,"",,1992,21.26,"",,1997,20.74,"K",,2002,19.64,"K",,2007,19.24,"K",,2009,18.89,"K",,,,"",

"",,,"1958-1962",,,,"1963-1967",,,,"1968-1972",,,,"1973-1977",,,,"1978-1982",,,,"1983-1987",,,,"1988-1992",,,,"1993-1997",,,,"1998-2002",,,,"2003-2007",,,,"2008-2012",,,,"2013-2017",,
"Jordan","MDG 7.5. Freshwater withdrawal as % of total renewable water resources (%)",,,"",,,,"",,,,"",,1975,48.13,"I",,1980,57.1,"I",,1985,66.06,"I",,1992,100.0,"K",,,,"",,2002,78.77,"I",,2007,98.42,"I",,2012,90.61,"I",,2015,117.8,"I",

"",,,"1958-1962",,,,"1963-1967",,,,"1968-1972",,,,"1973-1977",,,,"1978-1982",,,,"1983-1987",,,,"1988-1992",,,,"1993-1997",,,,"1998-2002",,,,"2003-2007",,,,"2008-2012",,,,"2013-2017",,
"Kazakhstan","MDG 7.5. Freshwater withdrawal as % of total renewable water resources (%)",,,"",,,,"",,,,"",,,,"",,,,"",,,,"",,,,"",,1995,30.72,"",,2002,17.2,"K",,2007,18.28,"K",,2010,18.43,"K",,,,"",

"",,,"1958-1962",,,,"1963-1967",,,,"1968-1972",,,,"1973-1977",,,,"1978-1982",,,,"1983-1987",,,,"1988-1992",,,,"1993-1997",,,,"1998-2002",,,,"2003-2007",,,,"2008-2012",,,,"2013-2017",,
"Kenya","MDG 7.5. Freshwater withdrawal as % of total renewable water resources (%)",,,"",,,,"",,,,"",,,,"",,,,"",,,,"",,1990,6.674,"I",,,,"",,,,"",,2003,7.557,"I",,2010,10.48,"I",,,,"",

"",,,"1958-1962",,,,"1963-1967",,,,"1968-1972",,,,"1973-1977",,,,"1978-1982",,,,"1983-1987",,,,"1988-1992",,,,"1993-1997",,,,"1998-2002",,,,"2003-2007",,,,"2008-2012",,,,"2013-2017",,
"Kiribati","MDG 7.5. Freshwater withdrawal as % of total renewable water resources (%)",,,"",,,,"",,,,"",,,,"",,,,"",,,,"",,,,"",,,,"",,,,"",,,,"",,,,"",,,,"",

"",,,"1958-1962",,,,"1963-1967",,,,"1968-1972",,,,"1973-1977",,,,"1978-1982",,,,"1983-1987",,,,"1988-1992",,,,"1993-1997",,,,"1998-2002",,,,"2003-2007",,,,"2008-2012",,,,"2013-2017",,
"Kuwait","MDG 7.5. Freshwater withdrawal as % of total renewable water resources (%)",,,"",,,,"",,,,"",,,,"",,,,"",,,,"",,,,"",,1994,1275.0,"",,2002,2075.0,"",,,,"",,,,"",,,,"",

"",,,"1958-1962",,,,"1963-1967",,,,"1968-1972",,,,"1973-1977",,,,"1978-1982",,,,"1983-1987",,,,"1988-1992",,,,"1993-1997",,,,"1998-2002",,,,"2003-2007",,,,"2008-2012",,,,"2013-2017",,
"Kyrgyzstan","MDG 7.5. Freshwater withdrawal as % of total renewable water resources (%)",,,"",,,,"",,,,"",,,,"",,,,"",,,,"",,,,"",,1994,41.45,"I",,2000,42.68,"I",,2006,32.63,"I",,,,"",,,,"",

"",,,"1958-1962",,,,"1963-1967",,,,"1968-1972",,,,"1973-1977",,,,"1978-1982",,,,"1983-1987",,,,"1988-1992",,,,"1993-1997",,,,"1998-2002",,,,"2003-2007",,,,"2008-2012",,,,"2013-2017",,
"Lao People's Democratic Republic","MDG 7.5. Freshwater withdrawal as % of total renewable water resources (%)",,,"",,,,"",,,,"",,,,"",,,,"",,,,"",,,,"",,,,"",,,,"",,2005,1.047,"I",,,,"",,,,"",

"",,,"1958-1962",,,,"1963-1967",,,,"1968-1972",,,,"1973-1977",,,,"1978-1982",,,,"1983-1987",,,,"1988-1992",,,,"1993-1997",,,,"1998-2002",,,,"2003-2007",,,,"2008-2012",,,,"2013-2017",,
"Latvia","MDG 7.5. Freshwater withdrawal as % of total renewable water resources (%)",,,"",,,,"",,,,"",,,,"",,,,"",,,,"",,,,"",,1995,1.163,"K",,2002,0.6998,"I",,2007,0.5913,"I",,2012,0.7104,"K",,2013,0.6754,"I",

"",,,"1958-1962",,,,"1963-1967",,,,"1968-1972",,,,"1973-1977",,,,"1978-1982",,,,"1983-1987",,,,"1988-1992",,,,"1993-1997",,,,"1998-2002",,,,"2003-2007",,,,"2008-2012",,,,"2013-2017",,
"Lebanon","MDG 7.5. Freshwater withdrawal as % of total renewable water resources (%)",,,"",,,,"",,,,"",,1975,16.68,"",,,,"",,,,"",,,,"",,1995,29.34,"",,2000,28.11,"I",,2005,24.34,"I",,,,"",,,,"",

"",,,"1958-1962",,,,"1963-1967",,,,"1968-1972",,,,"1973-1977",,,,"1978-1982",,,,"1983-1987",,,,"1988-1992",,,,"1993-1997",,,,"1998-2002",,,,"2003-2007",,,,"2008-2012",,,,"2013-2017",,
"Lesotho","MDG 7.5. Freshwater withdrawal as % of total renewable water resources (%)",,,"",,,,"",,,,"",,,,"",,,,"",,1987,1.655,"I",,,,"",,,,"",,2000,1.449,"I",,,,"",,,,"",,,,"",

"",,,"1958-1962",,,,"1963-1967",,,,"1968-1972",,,,"1973-1977",,,,"1978-1982",,,,"1983-1987",,,,"1988-1992",,,,"1993-1997",,,,"1998-2002",,,,"2003-2007",,,,"2008-2012",,,,"2013-2017",,
"Liberia","MDG 7.5. Freshwater withdrawal as % of total renewable water resources (%)",,,"",,,,"",,,,"",,,,"",,,,"",,1987,0.056,"I",,,,"",,,,"",,2000,0.0564,"I",,,,"",,,,"",,,,"",

"",,,"1958-1962",,,,"1963-1967",,,,"1968-1972",,,,"1973-1977",,,,"1978-1982",,,,"1983-1987",,,,"1988-1992",,,,"1993-1997",,,,"1998-2002",,,,"2003-2007",,,,"2008-2012",,,,"2013-2017",,
"Libya","MDG 7.5. Freshwater withdrawal as % of total renewable water resources (%)",,,"",,,,"",,,,"",,1975,171.4,"I",,1980,210.0,"I",,1985,445.0,"I",,1990,680.0,"I",,1994,657.1,"I",,2000,615.4,"I",,2005,688.9,"I",,2012,822.9,"I",,,,"",

"",,,"1958-1962",,,,"1963-1967",,,,"1968-1972",,,,"1973-1977",,,,"1978-1982",,,,"1983-1987",,,,"1988-1992",,,,"1993-1997",,,,"1998-2002",,,,"2003-2007",,,,"2008-2012",,,,"2013-2017",,
"Liechtenstein","MDG 7.5. Freshwater withdrawal as % of total renewable water resources (%)",,,"",,,,"",,,,"",,,,"",,,,"",,,,"",,,,"",,,,"",,,,"",,,,"",,,,"",,,,"",

"",,,"1958-1962",,,,"1963-1967",,,,"1968-1972",,,,"1973-1977",,,,"1978-1982",,,,"1983-1987",,,,"1988-1992",,,,"1993-1997",,,,"1998-2002",,,,"2003-2007",,,,"2008-2012",,,,"2013-2017",,
"Lithuania","MDG 7.5. Freshwater withdrawal as % of total renewable water resources (%)",,,"",,,,"",,,,"",,,,"",,,,"",,,,"",,,,"",,1995,17.74,"I",,2001,11.3,"K",,2007,9.241,"I",,2011,2.557,"I",,,,"",

"",,,"1958-1962",,,,"1963-1967",,,,"1968-1972",,,,"1973-1977",,,,"1978-1982",,,,"1983-1987",,,,"1988-1992",,,,"1993-1997",,,,"1998-2002",,,,"2003-2007",,,,"2008-2012",,,,"2013-2017",,
"Luxembourg","MDG 7.5. Freshwater withdrawal as % of total renewable water resources (%)",,,"",,,,"",,1970,0.9943,"K",,1975,1.214,"K",,1980,1.134,"K",,1985,1.914,"K",,,,"",,1995,1.614,"K",,1999,1.729,"K",,,,"",,2012,1.271,"K",,2013,1.231,"K",

"",,,"1958-1962",,,,"1963-1967",,,,"1968-1972",,,,"1973-1977",,,,"1978-1982",,,,"1983-1987",,,,"1988-1992",,,,"1993-1997",,,,"1998-2002",,,,"2003-2007",,,,"2008-2012",,,,"2013-2017",,
"Madagascar","MDG 7.5. Freshwater withdrawal as % of total renewable water resources (%)",,,"",,,,"",,,,"",,,,"",,,,"",,1984,4.837,"",,,,"",,,,"",,2000,3.967,"I",,2006,4.024,"I",,,,"",,,,"",

"",,,"1958-1962",,,,"1963-1967",,,,"1968-1972",,,,"1973-1977",,,,"1978-1982",,,,"1983-1987",,,,"1988-1992",,,,"1993-1997",,,,"1998-2002",,,,"2003-2007",,,,"2008-2012",,,,"2013-2017",,
"Malawi","MDG 7.5. Freshwater withdrawal as % of total renewable water resources (%)",,,"",,,,"",,,,"",,,,"",,,,"",,,,"",,,,"",,1994,5.417,"I",,2002,7.668,"I",,2005,7.853,"I",,,,"",,,,"",

"",,,"1958-1962",,,,"1963-1967",,,,"1968-1972",,,,"1973-1977",,,,"1978-1982",,,,"1983-1987",,,,"1988-1992",,,,"1993-1997",,,,"1998-2002",,,,"2003-2007",,,,"2008-2012",,,,"2013-2017",,
"Malaysia","MDG 7.5. Freshwater withdrawal as % of total renewable water resources (%)",,,"",,,,"",,,,"",,,,"",,,,"",,,,"",,1990,1.745,"I",,1996,0.9455,"I",,2000,1.604,"I",,2005,1.931,"I",,,,"",,,,"",

"",,,"1958-1962",,,,"1963-1967",,,,"1968-1972",,,,"1973-1977",,,,"1978-1982",,,,"1983-1987",,,,"1988-1992",,,,"1993-1997",,,,"1998-2002",,,,"2003-2007",,,,"2008-2012",,,,"2013-2017",,
"Maldives","MDG 7.5. Freshwater withdrawal as % of total renewable water resources (%)",,,"",,,,"",,,,"",,,,"",,,,"",,1987,11.33,"",,,,"",,,,"",,,,"",,,,"",,2008,15.67,"I",,,,"",

"",,,"1958-1962",,,,"1963-1967",,,,"1968-1972",,,,"1973-1977",,,,"1978-1982",,,,"1983-1987",,,,"1988-1992",,,,"1993-1997",,,,"1998-2002",,,,"2003-2007",,,,"2008-2012",,,,"2013-2017",,
"Mali","MDG 7.5. Freshwater withdrawal as % of total renewable water resources (%)",,,"",,,,"",,,,"",,,,"",,,,"",,1987,1.133,"I",,,,"",,,,"",,,,"",,2006,4.322,"I",,,,"",,,,"",

"",,,"1958-1962",,,,"1963-1967",,,,"1968-1972",,,,"1973-1977",,,,"1978-1982",,,,"1983-1987",,,,"1988-1992",,,,"1993-1997",,,,"1998-2002",,,,"2003-2007",,,,"2008-2012",,,,"2013-2017",,
"Malta","MDG 7.5. Freshwater withdrawal as % of total renewable water resources (%)",,,"",,,,"",,,,"",,,,"",,1980,39.6,"",,,,"",,,,"",,1995,58.42,"",,2002,67.33,"I",,2007,64.95,"K",,2012,33.66,"I",,2013,44.36,"I",

"",,,"1958-1962",,,,"1963-1967",,,,"1968-1972",,,,"1973-1977",,,,"1978-1982",,,,"1983-1987",,,,"1988-1992",,,,"1993-1997",,,,"1998-2002",,,,"2003-2007",,,,"2008-2012",,,,"2013-2017",,
"Marshall Islands","MDG 7.5. Freshwater withdrawal as % of total renewable water resources (%)",,,"",,,,"",,,,"",,,,"",,,,"",,,,"",,,,"",,,,"",,,,"",,,,"",,,,"",,,,"",

"",,,"1958-1962",,,,"1963-1967",,,,"1968-1972",,,,"1973-1977",,,,"1978-1982",,,,"1983-1987",,,,"1988-1992",,,,"1993-1997",,,,"1998-2002",,,,"2003-2007",,,,"2008-2012",,,,"2013-2017",,
"Mauritania","MDG 7.5. Freshwater withdrawal as % of total renewable water resources (%)",,,"",,,,"",,,,"",,,,"",,1980,6.404,"I",,,,"",,,,"",,,,"",,2000,14.03,"I",,2005,11.82,"I",,,,"",,,,"",

"",,,"1958-1962",,,,"1963-1967",,,,"1968-1972",,,,"1973-1977",,,,"1978-1982",,,,"1983-1987",,,,"1988-1992",,,,"1993-1997",,,,"1998-2002",,,,"2003-2007",,,,"2008-2012",,,,"2013-2017",,
"Mauritius","MDG 7.5. Freshwater withdrawal as % of total renewable water resources (%)",,,"",,,,"",,,,"",,1975,13.09,"",,,,"",,,,"",,1990,20.57,"",,1995,22.36,"",,2000,22.17,"",,2003,26.35,"",,,,"",,,,"",

"",,,"1958-1962",,,,"1963-1967",,,,"1968-1972",,,,"1973-1977",,,,"1978-1982",,,,"1983-1987",,,,"1988-1992",,,,"1993-1997",,,,"1998-2002",,,,"2003-2007",,,,"2008-2012",,,,"2013-2017",,
"Mexico","MDG 7.5. Freshwater withdrawal as % of total renewable water resources (%)",,,"",,,,"",,,,"",,,,"",,1980,12.12,"K",,,,"",,,,"",,,,"",,2002,15.65,"",,2007,17.03,"I",,2012,17.73,"I",,2015,18.55,"",

"",,,"1958-1962",,,,"1963-1967",,,,"1968-1972",,,,"1973-1977",,,,"1978-1982",,,,"1983-1987",,,,"1988-1992",,,,"1993-1997",,,,"1998-2002",,,,"2003-2007",,,,"2008-2012",,,,"2013-2017",,
"Micronesia (Federated States of)","MDG 7.5. Freshwater withdrawal as % of total renewable water resources (%)",,,"",,,,"",,,,"",,,,"",,,,"",,,,"",,,,"",,,,"",,,,"",,,,"",,,,"",,,,"",

"",,,"1958-1962",,,,"1963-1967",,,,"1968-1972",,,,"1973-1977",,,,"1978-1982",,,,"1983-1987",,,,"1988-1992",,,,"1993-1997",,,,"1998-2002",,,,"2003-2007",,,,"2008-2012",,,,"2013-2017",,
"Monaco","MDG 7.5. Freshwater withdrawal as % of total renewable water resources (%)",,,"",,,,"",,,,"",,,,"",,,,"",,,,"",,,,"",,,,"",,,,"",,,,"",,,,"",,,,"",

"",,,"1958-1962",,,,"1963-1967",,,,"1968-1972",,,,"1973-1977",,,,"1978-1982",,,,"1983-1987",,,,"1988-1992",,,,"1993-1997",,,,"1998-2002",,,,"2003-2007",,,,"2008-2012",,,,"2013-2017",,
"Mongolia","MDG 7.5. Freshwater withdrawal as % of total renewable water resources (%)",,,"",,,,"",,,,"",,,,"",,,,"",,,,"",,,,"",,1993,1.23,"I",,,,"",,2006,1.552,"I",,2009,1.583,"I",,,,"",

"",,,"1958-1962",,,,"1963-1967",,,,"1968-1972",,,,"1973-1977",,,,"1978-1982",,,,"1983-1987",,,,"1988-1992",,,,"1993-1997",,,,"1998-2002",,,,"2003-2007",,,,"2008-2012",,,,"2013-2017",,
"Montenegro","MDG 7.5. Freshwater withdrawal as % of total renewable water resources (%)",,,"",,,,"",,,,"",,,,"",,,,"",,,,"",,,,"",,,,"",,,,"",,,,"",,,,"",,,,"",

"",,,"1958-1962",,,,"1963-1967",,,,"1968-1972",,,,"1973-1977",,,,"1978-1982",,,,"1983-1987",,,,"1988-1992",,,,"1993-1997",,,,"1998-2002",,,,"2003-2007",,,,"2008-2012",,,,"2013-2017",,
"Morocco","MDG 7.5. Freshwater withdrawal as % of total renewable water resources (%)",,,"",,,,"",,,,"",,1975,31.03,"I",,1980,34.66,"I",,1985,37.93,"I",,1992,38.07,"I",,1995,38.83,"I",,2002,51.1,"I",,,,"",,2010,35.69,"I",,,,"",

"",,,"1958-1962",,,,"1963-1967",,,,"1968-1972",,,,"1973-1977",,,,"1978-1982",,,,"1983-1987",,,,"1988-1992",,,,"1993-1997",,,,"1998-2002",,,,"2003-2007",,,,"2008-2012",,,,"2013-2017",,
"Mozambique","MDG 7.5. Freshwater withdrawal as % of total renewable water resources (%)",,,"",,,,"",,,,"",,,,"",,,,"",,,,"",,1990,0.28,"",,,,"",,2001,0.4073,"I",,,,"",,,,"",,2015,0.6785,"",

"",,,"1958-1962",,,,"1963-1967",,,,"1968-1972",,,,"1973-1977",,,,"1978-1982",,,,"1983-1987",,,,"1988-1992",,,,"1993-1997",,,,"1998-2002",,,,"2003-2007",,,,"2008-2012",,,,"2013-2017",,
"Myanmar","MDG 7.5. Freshwater withdrawal as % of total renewable water resources (%)",,,"",,,,"",,,,"",,,,"",,,,"",,1987,2.42,"I",,,,"",,,,"",,2000,2.845,"I",,,,"",,,,"",,,,"",

"",,,"1958-1962",,,,"1963-1967",,,,"1968-1972",,,,"1973-1977",,,,"1978-1982",,,,"1983-1987",,,,"1988-1992",,,,"1993-1997",,,,"1998-2002",,,,"2003-2007",,,,"2008-2012",,,,"2013-2017",,
"Namibia","MDG 7.5. Freshwater withdrawal as % of total renewable water resources (%)",,,"",,,,"",,,,"",,,,"",,,,"",,1985,0.308,"",,1991,0.6232,"I",,1995,0.6688,"I",,2002,0.7063,"I",,,,"",,,,"",,,,"",

"",,,"1958-1962",,,,"1963-1967",,,,"1968-1972",,,,"1973-1977",,,,"1978-1982",,,,"1983-1987",,,,"1988-1992",,,,"1993-1997",,,,"1998-2002",,,,"2003-2007",,,,"2008-2012",,,,"2013-2017",,
"Nauru","MDG 7.5. Freshwater withdrawal as % of total renewable water resources (%)",,,"",,,,"",,,,"",,,,"",,,,"",,,,"",,,,"",,,,"",,,,"",,,,"",,,,"",,,,"",

"",,,"1958-1962",,,,"1963-1967",,,,"1968-1972",,,,"1973-1977",,,,"1978-1982",,,,"1983-1987",,,,"1988-1992",,,,"1993-1997",,,,"1998-2002",,,,"2003-2007",,,,"2008-2012",,,,"2013-2017",,
"Nepal","MDG 7.5. Freshwater withdrawal as % of total renewable water resources (%)",,,"",,,,"",,,,"",,,,"",,,,"",,,,"",,,,"",,,,"",,2000,4.549,"I",,2006,4.518,"I",,,,"",,,,"",

"",,,"1958-1962",,,,"1963-1967",,,,"1968-1972",,,,"1973-1977",,,,"1978-1982",,,,"1983-1987",,,,"1988-1992",,,,"1993-1997",,,,"1998-2002",,,,"2003-2007",,,,"2008-2012",,,,"2013-2017",,
"Netherlands","MDG 7.5. Freshwater withdrawal as % of total renewable water resources (%)",,,"",,,,"",,,,"",,,,"",,1980,10.11,"K",,1985,10.27,"K",,1991,8.773,"K",,1996,7.151,"K",,2002,9.787,"K",,2007,12.02,"I",,2012,11.78,"I",,,,"",

"",,,"1958-1962",,,,"1963-1967",,,,"1968-1972",,,,"1973-1977",,,,"1978-1982",,,,"1983-1987",,,,"1988-1992",,,,"1993-1997",,,,"1998-2002",,,,"2003-2007",,,,"2008-2012",,,,"2013-2017",,
"New Zealand","MDG 7.5. Freshwater withdrawal as % of total renewable water resources (%)",,,"",,,,"",,,,"",,,,"",,1980,0.367,"",,1985,0.581,"",,,,"",,,,"",,1999,0.9602,"K",,2006,1.501,"K",,2010,1.591,"K",,,,"",

"",,,"1958-1962",,,,"1963-1967",,,,"1968-1972",,,,"1973-1977",,,,"1978-1982",,,,"1983-1987",,,,"1988-1992",,,,"1993-1997",,,,"1998-2002",,,,"2003-2007",,,,"2008-2012",,,,"2013-2017",,
"Nicaragua","MDG 7.5. Freshwater withdrawal as % of total renewable water resources (%)",,,"",,,,"",,,,"",,,,"",,,,"",,,,"",,,,"",,,,"",,2001,0.8432,"I",,,,"",,2011,0.9392,"I",,,,"",

"",,,"1958-1962",,,,"1963-1967",,,,"1968-1972",,,,"1973-1977",,,,"1978-1982",,,,"1983-1987",,,,"1988-1992",,,,"1993-1997",,,,"1998-2002",,,,"2003-2007",,,,"2008-2012",,,,"2013-2017",,
"Niger","MDG 7.5. Freshwater withdrawal as % of total renewable water resources (%)",,,"",,,,"",,,,"",,,,"",,,,"",,,,"",,1990,1.538,"",,,,"",,,,"",,2005,2.889,"I",,,,"",,,,"",

"",,,"1958-1962",,,,"1963-1967",,,,"1968-1972",,,,"1973-1977",,,,"1978-1982",,,,"1983-1987",,,,"1988-1992",,,,"1993-1997",,,,"1998-2002",,,,"2003-2007",,,,"2008-2012",,,,"2013-2017",,
"Nigeria","MDG 7.5. Freshwater withdrawal as % of total renewable water resources (%)",,,"",,,,"",,,,"",,,,"",,,,"",,1987,1.953,"I",,,,"",,,,"",,2000,3.602,"I",,2005,4.043,"I",,2010,4.357,"I",,,,"",

"",,,"1958-1962",,,,"1963-1967",,,,"1968-1972",,,,"1973-1977",,,,"1978-1982",,,,"1983-1987",,,,"1988-1992",,,,"1993-1997",,,,"1998-2002",,,,"2003-2007",,,,"2008-2012",,,,"2013-2017",,
"Niue","MDG 7.5. Freshwater withdrawal as % of total renewable water resources (%)",,,"",,,,"",,,,"",,,,"",,,,"",,,,"",,,,"",,,,"",,,,"",,,,"",,,,"",,,,"",

"",,,"1958-1962",,,,"1963-1967",,,,"1968-1972",,,,"1973-1977",,,,"1978-1982",,,,"1983-1987",,,,"1988-1992",,,,"1993-1997",,,,"1998-2002",,,,"2003-2007",,,,"2008-2012",,,,"2013-2017",,
"Norway","MDG 7.5. Freshwater withdrawal as % of total renewable water resources (%)",,,"",,,,"",,,,"",,,,"",,1980,0.5089,"I",,,,"",,,,"",,1996,0.6158,"K",,2002,0.6104,"K",,2007,0.77,"K",,,,"",,,,"",

"",,,"1958-1962",,,,"1963-1967",,,,"1968-1972",,,,"1973-1977",,,,"1978-1982",,,,"1983-1987",,,,"1988-1992",,,,"1993-1997",,,,"1998-2002",,,,"2003-2007",,,,"2008-2012",,,,"2013-2017",,
"Occupied Palestinian Territory","MDG 7.5. Freshwater withdrawal as % of total renewable water resources (%)",,,"",,,,"",,,,"",,,,"",,,,"",,,,"",,,,"",,,,"",,2001,32.14,"I",,2005,48.75,"I",,,,"",,,,"",

"",,,"1958-1962",,,,"1963-1967",,,,"1968-1972",,,,"1973-1977",,,,"1978-1982",,,,"1983-1987",,,,"1988-1992",,,,"1993-1997",,,,"1998-2002",,,,"2003-2007",,,,"2008-2012",,,,"2013-2017",,
"Oman","MDG 7.5. Freshwater withdrawal as % of total renewable water resources (%)",,,"",,,,"",,,,"",,,,"",,,,"",,,,"",,1991,85.5,"I",,,,"",,2000,92.86,"I",,2003,84.71,"I",,,,"",,,,"",

"",,,"1958-1962",,,,"1963-1967",,,,"1968-1972",,,,"1973-1977",,,,"1978-1982",,,,"1983-1987",,,,"1988-1992",,,,"1993-1997",,,,"1998-2002",,,,"2003-2007",,,,"2008-2012",,,,"2013-2017",,
"Pakistan","MDG 7.5. Freshwater withdrawal as % of total renewable water resources (%)",,,"",,,,"",,,,"",,1975,62.16,"I",,,,"",,,,"",,1991,63.05,"I",,,,"",,2000,69.94,"I",,,,"",,2008,74.35,"K",,,,"",

"",,,"1958-1962",,,,"1963-1967",,,,"1968-1972",,,,"1973-1977",,,,"1978-1982",,,,"1983-1987",,,,"1988-1992",,,,"1993-1997",,,,"1998-2002",,,,"2003-2007",,,,"2008-2012",,,,"2013-2017",,
"Palau","MDG 7.5. Freshwater withdrawal as % of total renewable water resources (%)",,,"",,,,"",,,,"",,,,"",,,,"",,,,"",,,,"",,,,"",,,,"",,,,"",,,,"",,,,"",

"",,,"1958-1962",,,,"1963-1967",,,,"1968-1972",,,,"1973-1977",,,,"1978-1982",,,,"1983-1987",,,,"1988-1992",,,,"1993-1997",,,,"1998-2002",,,,"2003-2007",,,,"2008-2012",,,,"2013-2017",,
"Panama","MDG 7.5. Freshwater withdrawal as % of total renewable water resources (%)",,,"",,,,"",,,,"",,,,"",,,,"",,,,"",,,,"",,,,"",,,,"",,,,"",,2010,0.7444,"",,,,"",

"",,,"1958-1962",,,,"1963-1967",,,,"1968-1972",,,,"1973-1977",,,,"1978-1982",,,,"1983-1987",,,,"1988-1992",,,,"1993-1997",,,,"1998-2002",,,,"2003-2007",,,,"2008-2012",,,,"2013-2017",,
"Papua New Guinea","MDG 7.5. Freshwater withdrawal as % of total renewable water resources (%)",,,"",,,,"",,,,"",,,,"",,,,"",,,,"",,,,"",,,,"",,2000,0.0339,"K",,2005,0.049,"K",,,,"",,,,"",

"",,,"1958-1962",,,,"1963-1967",,,,"1968-1972",,,,"1973-1977",,,,"1978-1982",,,,"1983-1987",,,,"1988-1992",,,,"1993-1997",,,,"1998-2002",,,,"2003-2007",,,,"2008-2012",,,,"2013-2017",,
"Paraguay","MDG 7.5. Freshwater withdrawal as % of total renewable water resources (%)",,,"",,,,"",,,,"",,,,"",,,,"",,1987,0.1109,"",,,,"",,,,"",,2000,0.1264,"I",,,,"",,2012,0.6222,"I",,,,"",

"",,,"1958-1962",,,,"1963-1967",,,,"1968-1972",,,,"1973-1977",,,,"1978-1982",,,,"1983-1987",,,,"1988-1992",,,,"1993-1997",,,,"1998-2002",,,,"2003-2007",,,,"2008-2012",,,,"2013-2017",,
"Peru","MDG 7.5. Freshwater withdrawal as % of total renewable water resources (%)",,,"",,,,"",,,,"",,,,"",,,,"",,,,"",,1992,1.0,"",,,,"",,,,"",,,,"",,2008,0.7213,"",,,,"",

"",,,"1958-1962",,,,"1963-1967",,,,"1968-1972",,,,"1973-1977",,,,"1978-1982",,,,"1983-1987",,,,"1988-1992",,,,"1993-1997",,,,"1998-2002",,,,"2003-2007",,,,"2008-2012",,,,"2013-2017",,
"Philippines","MDG 7.5. Freshwater withdrawal as % of total renewable water resources (%)",,,"",,,,"",,,,"",,,,"",,,,"",,,,"",,,,"",,,,"",,,,"",,2006,16.47,"",,2009,17.03,"",,,,"",

"",,,"1958-1962",,,,"1963-1967",,,,"1968-1972",,,,"1973-1977",,,,"1978-1982",,,,"1983-1987",,,,"1988-1992",,,,"1993-1997",,,,"1998-2002",,,,"2003-2007",,,,"2008-2012",,,,"2013-2017",,
"Poland","MDG 7.5. Freshwater withdrawal as % of total renewable water resources (%)",,,"",,,,"",,1970,16.71,"K",,1975,22.36,"K",,1980,25.01,"K",,1985,27.12,"K",,1992,22.12,"K",,1997,21.14,"K",,2002,19.37,"K",,2007,19.87,"I",,2012,18.96,"I",,,,"",

"",,,"1958-1962",,,,"1963-1967",,,,"1968-1972",,,,"1973-1977",,,,"1978-1982",,,,"1983-1987",,,,"1988-1992",,,,"1993-1997",,,,"1998-2002",,,,"2003-2007",,,,"2008-2012",,,,"2013-2017",,
"Portugal","MDG 7.5. Freshwater withdrawal as % of total renewable water resources (%)",,,"",,,,"",,,,"",,,,"",,,,"",,,,"",,1991,11.11,"K",,,,"",,1998,14.39,"K",,2007,11.82,"I",,,,"",,,,"",

"",,,"1958-1962",,,,"1963-1967",,,,"1968-1972",,,,"1973-1977",,,,"1978-1982",,,,"1983-1987",,,,"1988-1992",,,,"1993-1997",,,,"1998-2002",,,,"2003-2007",,,,"2008-2012",,,,"2013-2017",,
"Puerto Rico","MDG 7.5. Freshwater withdrawal as % of total renewable water resources (%)",,,"",,,,"",,,,"",,,,"",,,,"",,,,"",,1990,11.23,"",,,,"",,2000,12.06,"",,2005,14.06,"",,2010,14.32,"",,,,"",

"",,,"1958-1962",,,,"1963-1967",,,,"1968-1972",,,,"1973-1977",,,,"1978-1982",,,,"1983-1987",,,,"1988-1992",,,,"1993-1997",,,,"1998-2002",,,,"2003-2007",,,,"2008-2012",,,,"2013-2017",,
"Qatar","MDG 7.5. Freshwater withdrawal as % of total renewable water resources (%)",,,"",,,,"",,,,"",,1975,283.0,"",,,,"",,,,"",,,,"",,1994,277.1,"",,2000,282.6,"I",,2005,374.1,"",,,,"",,,,"",

"",,,"1958-1962",,,,"1963-1967",,,,"1968-1972",,,,"1973-1977",,,,"1978-1982",,,,"1983-1987",,,,"1988-1992",,,,"1993-1997",,,,"1998-2002",,,,"2003-2007",,,,"2008-2012",,,,"2013-2017",,
"Republic of Korea","MDG 7.5. Freshwater withdrawal as % of total renewable water resources (%)",,,"",,,,"",,,,"",,,,"",,,,"",,,,"",,1990,29.51,"K",,1997,36.5,"K",,2002,41.84,"K",,2005,41.66,"K",,,,"",,,,"",

"",,,"1958-1962",,,,"1963-1967",,,,"1968-1972",,,,"1973-1977",,,,"1978-1982",,,,"1983-1987",,,,"1988-1992",,,,"1993-1997",,,,"1998-2002",,,,"2003-2007",,,,"2008-2012",,,,"2013-2017",,
"Republic of Moldova","MDG 7.5. Freshwater withdrawal as % of total renewable water resources (%)",,,"",,,,"",,,,"",,,,"",,,,"",,,,"",,1992,16.0,"I",,,,"",,,,"",,2007,8.68,"I",,,,"",,,,"",

"",,,"1958-1962",,,,"1963-1967",,,,"1968-1972",,,,"1973-1977",,,,"1978-1982",,,,"1983-1987",,,,"1988-1992",,,,"1993-1997",,,,"1998-2002",,,,"2003-2007",,,,"2008-2012",,,,"2013-2017",,
"Romania","MDG 7.5. Freshwater withdrawal as % of total renewable water resources (%)",,,"",,,,"",,1970,4.524,"I",,1975,6.792,"I",,1980,8.868,"I",,1985,9.67,"I",,1990,9.627,"I",,1997,5.877,"I",,2002,4.35,"K",,2007,3.247,"K",,2012,3.058,"K",,2013,3.027,"K",

"",,,"1958-1962",,,,"1963-1967",,,,"1968-1972",,,,"1973-1977",,,,"1978-1982",,,,"1983-1987",,,,"1988-1992",,,,"1993-1997",,,,"1998-2002",,,,"2003-2007",,,,"2008-2012",,,,"2013-2017",,
"Russian Federation","MDG 7.5. Freshwater withdrawal as % of total renewable water resources (%)",,,"",,,,"",,,,"",,,,"",,,,"",,,,"",,,,"",,1994,1.704,"I",,2001,1.463,"I",,,,"",,,,"",,2013,1.348,"I",

"",,,"1958-1962",,,,"1963-1967",,,,"1968-1972",,,,"1973-1977",,,,"1978-1982",,,,"1983-1987",,,,"1988-1992",,,,"1993-1997",,,,"1998-2002",,,,"2003-2007",,,,"2008-2012",,,,"2013-2017",,
"Rwanda","MDG 7.5. Freshwater withdrawal as % of total renewable water resources (%)",,,"",,,,"",,,,"",,,,"",,,,"",,,,"",,,,"",,,,"",,2000,1.128,"I",,,,"",,,,"",,,,"",

"",,,"1958-1962",,,,"1963-1967",,,,"1968-1972",,,,"1973-1977",,,,"1978-1982",,,,"1983-1987",,,,"1988-1992",,,,"1993-1997",,,,"1998-2002",,,,"2003-2007",,,,"2008-2012",,,,"2013-2017",,
"Saint Kitts and Nevis","MDG 7.5. Freshwater withdrawal as % of total renewable water resources (%)",,,"",,,,"",,,,"",,,,"",,,,"",,,,"",,,,"",,,,"",,,,"",,,,"",,2012,51.25,"I",,,,"",

"",,,"1958-1962",,,,"1963-1967",,,,"1968-1972",,,,"1973-1977",,,,"1978-1982",,,,"1983-1987",,,,"1988-1992",,,,"1993-1997",,,,"1998-2002",,,,"2003-2007",,,,"2008-2012",,,,"2013-2017",,
"Saint Lucia","MDG 7.5. Freshwater withdrawal as % of total renewable water resources (%)",,,"",,,,"",,,,"",,,,"",,,,"",,,,"",,,,"",,,,"",,,,"",,2007,14.3,"I",,,,"",,,,"",

"",,,"1958-1962",,,,"1963-1967",,,,"1968-1972",,,,"1973-1977",,,,"1978-1982",,,,"1983-1987",,,,"1988-1992",,,,"1993-1997",,,,"1998-2002",,,,"2003-2007",,,,"2008-2012",,,,"2013-2017",,
"Saint Vincent and the Grenadines","MDG 7.5. Freshwater withdrawal as % of total renewable water resources (%)",,,"",,,,"",,,,"",,,,"",,,,"",,,,"",,,,"",,1995,10.0,"I",,,,"",,,,"",,,,"",,2013,7.9,"I",

"",,,"1958-1962",,,,"1963-1967",,,,"1968-1972",,,,"1973-1977",,,,"1978-1982",,,,"1983-1987",,,,"1988-1992",,,,"1993-1997",,,,"1998-2002",,,,"2003-2007",,,,"2008-2012",,,,"2013-2017",,
"Samoa","MDG 7.5. Freshwater withdrawal as % of total renewable water resources (%)",,,"",,,,"",,,,"",,,,"",,,,"",,,,"",,,,"",,,,"",,,,"",,,,"",,,,"",,,,"",

"",,,"1958-1962",,,,"1963-1967",,,,"1968-1972",,,,"1973-1977",,,,"1978-1982",,,,"1983-1987",,,,"1988-1992",,,,"1993-1997",,,,"1998-2002",,,,"2003-2007",,,,"2008-2012",,,,"2013-2017",,
"San Marino","MDG 7.5. Freshwater withdrawal as % of total renewable water resources (%)",,,"",,,,"",,,,"",,,,"",,,,"",,,,"",,,,"",,,,"",,,,"",,,,"",,,,"",,,,"",

"",,,"1958-1962",,,,"1963-1967",,,,"1968-1972",,,,"1973-1977",,,,"1978-1982",,,,"1983-1987",,,,"1988-1992",,,,"1993-1997",,,,"1998-2002",,,,"2003-2007",,,,"2008-2012",,,,"2013-2017",,
"Sao Tome and Principe","MDG 7.5. Freshwater withdrawal as % of total renewable water resources (%)",,,"",,,,"",,,,"",,,,"",,,,"",,,,"",,,,"",,1993,0.3211,"",,,,"",,,,"",,,,"",,,,"",

"",,,"1958-1962",,,,"1963-1967",,,,"1968-1972",,,,"1973-1977",,,,"1978-1982",,,,"1983-1987",,,,"1988-1992",,,,"1993-1997",,,,"1998-2002",,,,"2003-2007",,,,"2008-2012",,,,"2013-2017",,
"Saudi Arabia","MDG 7.5. Freshwater withdrawal as % of total renewable water resources (%)",,,"",,,,"",,,,"",,,,"",,,,"",,,,"",,1992,671.7,"I",,,,"",,,,"",,2006,943.3,"K",,,,"",,,,"",

"",,,"1958-1962",,,,"1963-1967",,,,"1968-1972",,,,"1973-1977",,,,"1978-1982",,,,"1983-1987",,,,"1988-1992",,,,"1993-1997",,,,"1998-2002",,,,"2003-2007",,,,"2008-2012",,,,"2013-2017",,
"Senegal","MDG 7.5. Freshwater withdrawal as % of total renewable water resources (%)",,,"",,,,"",,,,"",,,,"",,,,"",,1987,3.49,"I",,,,"",,,,"",,2002,5.699,"I",,,,"",,,,"",,,,"",

"",,,"1958-1962",,,,"1963-1967",,,,"1968-1972",,,,"1973-1977",,,,"1978-1982",,,,"1983-1987",,,,"1988-1992",,,,"1993-1997",,,,"1998-2002",,,,"2003-2007",,,,"2008-2012",,,,"2013-2017",,
"Serbia","MDG 7.5. Freshwater withdrawal as % of total renewable water resources (%)",,,"",,,,"",,,,"",,,,"",,,,"",,,,"",,,,"",,,,"",,,,"",,2007,2.44,"K",,2012,2.385,"K",,2013,2.559,"K",

"",,,"1958-1962",,,,"1963-1967",,,,"1968-1972",,,,"1973-1977",,,,"1978-1982",,,,"1983-1987",,,,"1988-1992",,,,"1993-1997",,,,"1998-2002",,,,"2003-2007",,,,"2008-2012",,,,"2013-2017",,
"Seychelles","MDG 7.5. Freshwater withdrawal as % of total renewable water resources (%)",,,"",,,,"",,,,"",,,,"",,,,"",,,,"",,,,"",,,,"",,,,"",,,,"",,,,"",,,,"",

"",,,"1958-1962",,,,"1963-1967",,,,"1968-1972",,,,"1973-1977",,,,"1978-1982",,,,"1983-1987",,,,"1988-1992",,,,"1993-1997",,,,"1998-2002",,,,"2003-2007",,,,"2008-2012",,,,"2013-2017",,
"Sierra Leone","MDG 7.5. Freshwater withdrawal as % of total renewable water resources (%)",,,"",,,,"",,,,"",,,,"",,,,"",,1987,0.2313,"I",,,,"",,,,"",,2000,0.1181,"I",,2005,0.1326,"I",,,,"",,,,"",

"",,,"1958-1962",,,,"1963-1967",,,,"1968-1972",,,,"1973-1977",,,,"1978-1982",,,,"1983-1987",,,,"1988-1992",,,,"1993-1997",,,,"1998-2002",,,,"2003-2007",,,,"2008-2012",,,,"2013-2017",,
"Singapore","MDG 7.5. Freshwater withdrawal as % of total renewable water resources (%)",,,"",,,,"",,,,"",,1975,31.67,"",,,,"",,,,"",,,,"",,,,"",,,,"",,,,"",,,,"",,,,"",

"",,,"1958-1962",,,,"1963-1967",,,,"1968-1972",,,,"1973-1977",,,,"1978-1982",,,,"1983-1987",,,,"1988-1992",,,,"1993-1997",,,,"1998-2002",,,,"2003-2007",,,,"2008-2012",,,,"2013-2017",,
"Slovakia","MDG 7.5. Freshwater withdrawal as % of total renewable water resources (%)",,,"",,,,"",,,,"",,,,"",,,,"",,,,"",,,,"",,1997,2.615,"K",,2002,2.184,"K",,2007,1.373,"K",,2012,1.328,"K",,2014,1.116,"K",

"",,,"1958-1962",,,,"1963-1967",,,,"1968-1972",,,,"1973-1977",,,,"1978-1982",,,,"1983-1987",,,,"1988-1992",,,,"1993-1997",,,,"1998-2002",,,,"2003-2007",,,,"2008-2012",,,,"2013-2017",,
"Slovenia","MDG 7.5. Freshwater withdrawal as % of total renewable water resources (%)",,,"",,,,"",,,,"",,,,"",,,,"",,,,"",,,,"",,,,"",,2002,2.821,"K",,2007,2.933,"K",,2012,2.912,"K",,2013,3.627,"K",

"",,,"1958-1962",,,,"1963-1967",,,,"1968-1972",,,,"1973-1977",,,,"1978-1982",,,,"1983-1987",,,,"1988-1992",,,,"1993-1997",,,,"1998-2002",,,,"2003-2007",,,,"2008-2012",,,,"2013-2017",,
"Solomon Islands","MDG 7.5. Freshwater withdrawal as % of total renewable water resources (%)",,,"",,,,"",,,,"",,,,"",,,,"",,,,"",,,,"",,,,"",,,,"",,,,"",,,,"",,,,"",

"",,,"1958-1962",,,,"1963-1967",,,,"1968-1972",,,,"1973-1977",,,,"1978-1982",,,,"1983-1987",,,,"1988-1992",,,,"1993-1997",,,,"1998-2002",,,,"2003-2007",,,,"2008-2012",,,,"2013-2017",,
"Somalia","MDG 7.5. Freshwater withdrawal as % of total renewable water resources (%)",,,"",,,,"",,,,"",,,,"",,,,"",,1987,5.51,"",,,,"",,,,"",,2000,22.38,"I",,2003,22.44,"I",,,,"",,,,"",

"",,,"1958-1962",,,,"1963-1967",,,,"1968-1972",,,,"1973-1977",,,,"1978-1982",,,,"1983-1987",,,,"1988-1992",,,,"1993-1997",,,,"1998-2002",,,,"2003-2007",,,,"2008-2012",,,,"2013-2017",,
"South Africa","MDG 7.5. Freshwater withdrawal as % of total renewable water resources (%)",,,"",,,,"",,,,"",,,,"",,,,"",,,,"",,1990,25.88,"I",,1995,25.08,"I",,2000,24.79,"I",,,,"",,,,"",,2013,30.19,"I",

"",,,"1958-1962",,,,"1963-1967",,,,"1968-1972",,,,"1973-1977",,,,"1978-1982",,,,"1983-1987",,,,"1988-1992",,,,"1993-1997",,,,"1998-2002",,,,"2003-2007",,,,"2008-2012",,,,"2013-2017",,
"South Sudan","MDG 7.5. Freshwater withdrawal as % of total renewable water resources (%)",,,"",,,,"",,,,"",,,,"",,,,"",,,,"",,,,"",,,,"",,,,"",,,,"",,2011,1.329,"",,,,"",

"",,,"1958-1962",,,,"1963-1967",,,,"1968-1972",,,,"1973-1977",,,,"1978-1982",,,,"1983-1987",,,,"1988-1992",,,,"1993-1997",,,,"1998-2002",,,,"2003-2007",,,,"2008-2012",,,,"2013-2017",,
"Spain","MDG 7.5. Freshwater withdrawal as % of total renewable water resources (%)",,,"",,,,"",,,,"",,1975,32.36,"K",,1980,35.8,"K",,1986,41.12,"I",,1991,33.0,"K",,1997,30.94,"K",,2002,31.85,"K",,2007,31.36,"K",,2012,32.96,"I",,,,"",

"",,,"1958-1962",,,,"1963-1967",,,,"1968-1972",,,,"1973-1977",,,,"1978-1982",,,,"1983-1987",,,,"1988-1992",,,,"1993-1997",,,,"1998-2002",,,,"2003-2007",,,,"2008-2012",,,,"2013-2017",,
"Sri Lanka","MDG 7.5. Freshwater withdrawal as % of total renewable water resources (%)",,,"",,,,"",,,,"",,,,"",,,,"",,,,"",,1990,18.5,"",,,,"",,2000,24.64,"I",,2005,24.53,"",,,,"",,,,"",

"",,,"1958-1962",,,,"1963-1967",,,,"1968-1972",,,,"1973-1977",,,,"1978-1982",,,,"1983-1987",,,,"1988-1992",,,,"1993-1997",,,,"1998-2002",,,,"2003-2007",,,,"2008-2012",,,,"2013-2017",,
"Sudan","MDG 7.5. Freshwater withdrawal as % of total renewable water resources (%)",,,"",,,,"",,,,"",,,,"",,,,"",,,,"",,,,"",,,,"",,,,"",,,,"",,2011,71.24,"",,,,"",

"",,,"1958-1962",,,,"1963-1967",,,,"1968-1972",,,,"1973-1977",,,,"1978-1982",,,,"1983-1987",,,,"1988-1992",,,,"1993-1997",,,,"1998-2002",,,,"2003-2007",,,,"2008-2012",,,,"2013-2017",,
"Suriname","MDG 7.5. Freshwater withdrawal as % of total renewable water resources (%)",,,"",,,,"",,,,"",,,,"",,,,"",,1987,0.4646,"",,,,"",,,,"",,2000,0.6768,"I",,2006,0.6221,"",,,,"",,,,"",

"",,,"1958-1962",,,,"1963-1967",,,,"1968-1972",,,,"1973-1977",,,,"1978-1982",,,,"1983-1987",,,,"1988-1992",,,,"1993-1997",,,,"1998-2002",,,,"2003-2007",,,,"2008-2012",,,,"2013-2017",,
"Swaziland","MDG 7.5. Freshwater withdrawal as % of total renewable water resources (%)",,,"",,,,"",,,,"",,,,"",,1980,14.52,"",,,,"",,,,"",,,,"",,2000,23.1,"I",,,,"",,,,"",,,,"",

"",,,"1958-1962",,,,"1963-1967",,,,"1968-1972",,,,"1973-1977",,,,"1978-1982",,,,"1983-1987",,,,"1988-1992",,,,"1993-1997",,,,"1998-2002",,,,"2003-2007",,,,"2008-2012",,,,"2013-2017",,
"Sweden","MDG 7.5. Freshwater withdrawal as % of total renewable water resources (%)",,,"",,,,"",,1970,2.341,"K",,1975,2.376,"K",,1980,2.36,"K",,1985,1.707,"K",,1992,1.709,"K",,1997,1.558,"K",,2002,1.538,"K",,2007,1.511,"K",,2010,1.545,"K",,,,"",

"",,,"1958-1962",,,,"1963-1967",,,,"1968-1972",,,,"1973-1977",,,,"1978-1982",,,,"1983-1987",,,,"1988-1992",,,,"1993-1997",,,,"1998-2002",,,,"2003-2007",,,,"2008-2012",,,,"2013-2017",,
"Switzerland","MDG 7.5. Freshwater withdrawal as % of total renewable water resources (%)",,,"",,,,"",,,,"",,1975,4.856,"K",,1980,4.839,"K",,1985,4.946,"K",,1992,5.037,"K",,1997,4.783,"K",,2002,4.707,"K",,,,"",,2012,3.748,"K",,,,"",

"",,,"1958-1962",,,,"1963-1967",,,,"1968-1972",,,,"1973-1977",,,,"1978-1982",,,,"1983-1987",,,,"1988-1992",,,,"1993-1997",,,,"1998-2002",,,,"2003-2007",,,,"2008-2012",,,,"2013-2017",,
"Syrian Arab Republic","MDG 7.5. Freshwater withdrawal as % of total renewable water resources (%)",,,"",,,,"",,,,"",,1975,19.88,"I",,,,"",,,,"",,,,"",,1997,85.89,"I",,2002,97.38,"I",,2005,84.17,"I",,,,"",,,,"",

"",,,"1958-1962",,,,"1963-1967",,,,"1968-1972",,,,"1973-1977",,,,"1978-1982",,,,"1983-1987",,,,"1988-1992",,,,"1993-1997",,,,"1998-2002",,,,"2003-2007",,,,"2008-2012",,,,"2013-2017",,
"Tajikistan","MDG 7.5. Freshwater withdrawal as % of total renewable water resources (%)",,,"",,,,"",,,,"",,,,"",,,,"",,,,"",,,,"",,1994,52.58,"I",,2000,53.22,"I",,2006,51.07,"I",,,,"",,,,"",

"",,,"1958-1962",,,,"1963-1967",,,,"1968-1972",,,,"1973-1977",,,,"1978-1982",,,,"1983-1987",,,,"1988-1992",,,,"1993-1997",,,,"1998-2002",,,,"2003-2007",,,,"2008-2012",,,,"2013-2017",,
"Thailand","MDG 7.5. Freshwater withdrawal as % of total renewable water resources (%)",,,"",,,,"",,,,"",,,,"",,,,"",,,,"",,,,"",,,,"",,,,"",,2007,13.07,"I",,,,"",,,,"",

"",,,"1958-1962",,,,"1963-1967",,,,"1968-1972",,,,"1973-1977",,,,"1978-1982",,,,"1983-1987",,,,"1988-1992",,,,"1993-1997",,,,"1998-2002",,,,"2003-2007",,,,"2008-2012",,,,"2013-2017",,
"The former Yugoslav Republic of Macedonia","MDG 7.5. Freshwater withdrawal as % of total renewable water resources (%)",,,"",,,,"",,,,"",,,,"",,,,"",,,,"",,,,"",,1996,24.3,"",,2002,9.894,"K",,2007,8.613,"K",,,,"",,,,"",

"",,,"1958-1962",,,,"1963-1967",,,,"1968-1972",,,,"1973-1977",,,,"1978-1982",,,,"1983-1987",,,,"1988-1992",,,,"1993-1997",,,,"1998-2002",,,,"2003-2007",,,,"2008-2012",,,,"2013-2017",,
"Timor-Leste","MDG 7.5. Freshwater withdrawal as % of total renewable water resources (%)",,,"",,,,"",,,,"",,,,"",,,,"",,,,"",,,,"",,,,"",,,,"",,2004,14.27,"I",,,,"",,,,"",

"",,,"1958-1962",,,,"1963-1967",,,,"1968-1972",,,,"1973-1977",,,,"1978-1982",,,,"1983-1987",,,,"1988-1992",,,,"1993-1997",,,,"1998-2002",,,,"2003-2007",,,,"2008-2012",,,,"2013-2017",,
"Togo","MDG 7.5. Freshwater withdrawal as % of total renewable water resources (%)",,,"",,,,"",,,,"",,,,"",,,,"",,1987,0.619,"I",,,,"",,,,"",,2002,1.15,"I",,,,"",,,,"",,,,"",

"",,,"1958-1962",,,,"1963-1967",,,,"1968-1972",,,,"1973-1977",,,,"1978-1982",,,,"1983-1987",,,,"1988-1992",,,,"1993-1997",,,,"1998-2002",,,,"2003-2007",,,,"2008-2012",,,,"2013-2017",,
"Tokelau","MDG 7.5. Freshwater withdrawal as % of total renewable water resources (%)",,,"",,,,"",,,,"",,,,"",,,,"",,,,"",,,,"",,,,"",,,,"",,,,"",,,,"",,,,"",

"",,,"1958-1962",,,,"1963-1967",,,,"1968-1972",,,,"1973-1977",,,,"1978-1982",,,,"1983-1987",,,,"1988-1992",,,,"1993-1997",,,,"1998-2002",,,,"2003-2007",,,,"2008-2012",,,,"2013-2017",,
"Tonga","MDG 7.5. Freshwater withdrawal as % of total renewable water resources (%)",,,"",,,,"",,,,"",,,,"",,,,"",,,,"",,,,"",,,,"",,,,"",,,,"",,,,"",,,,"",

"",,,"1958-1962",,,,"1963-1967",,,,"1968-1972",,,,"1973-1977",,,,"1978-1982",,,,"1983-1987",,,,"1988-1992",,,,"1993-1997",,,,"1998-2002",,,,"2003-2007",,,,"2008-2012",,,,"2013-2017",,
"Trinidad and Tobago","MDG 7.5. Freshwater withdrawal as % of total renewable water resources (%)",,,"",,,,"",,,,"",,,,"",,,,"",,,,"",,,,"",,1997,7.734,"",,2000,8.177,"",,2005,8.047,"I",,2011,8.755,"I",,,,"",

"",,,"1958-1962",,,,"1963-1967",,,,"1968-1972",,,,"1973-1977",,,,"1978-1982",,,,"1983-1987",,,,"1988-1992",,,,"1993-1997",,,,"1998-2002",,,,"2003-2007",,,,"2008-2012",,,,"2013-2017",,
"Tunisia","MDG 7.5. Freshwater withdrawal as % of total renewable water resources (%)",,,"",,,,"",,,,"",,1975,23.19,"",,1980,41.17,"",,1985,49.84,"",,1990,66.46,"",,1995,61.73,"I",,2001,60.87,"I",,,,"",,2011,69.71,"I",,,,"",

"",,,"1958-1962",,,,"1963-1967",,,,"1968-1972",,,,"1973-1977",,,,"1978-1982",,,,"1983-1987",,,,"1988-1992",,,,"1993-1997",,,,"1998-2002",,,,"2003-2007",,,,"2008-2012",,,,"2013-2017",,
"Turkey","MDG 7.5. Freshwater withdrawal as % of total renewable water resources (%)",,,"",,,,"",,,,"",,,,"",,,,"",,,,"",,1992,14.93,"I",,,,"",,2000,19.85,"I",,2003,18.93,"I",,2008,19.83,"I",,,,"",

"",,,"1958-1962",,,,"1963-1967",,,,"1968-1972",,,,"1973-1977",,,,"1978-1982",,,,"1983-1987",,,,"1988-1992",,,,"1993-1997",,,,"1998-2002",,,,"2003-2007",,,,"2008-2012",,,,"2013-2017",,
"Turkmenistan","MDG 7.5. Freshwater withdrawal as % of total renewable water resources (%)",,,"",,,,"",,,,"",,,,"",,,,"",,,,"",,,,"",,1994,95.68,"I",,2000,100.6,"I",,2004,112.5,"I",,,,"",,,,"",

"",,,"1958-1962",,,,"1963-1967",,,,"1968-1972",,,,"1973-1977",,,,"1978-1982",,,,"1983-1987",,,,"1988-1992",,,,"1993-1997",,,,"1998-2002",,,,"2003-2007",,,,"2008-2012",,,,"2013-2017",,
"Tuvalu","MDG 7.5. Freshwater withdrawal as % of total renewable water resources (%)",,,"",,,,"",,,,"",,,,"",,,,"",,,,"",,,,"",,,,"",,,,"",,,,"",,,,"",,,,"",

"",,,"1958-1962",,,,"1963-1967",,,,"1968-1972",,,,"1973-1977",,,,"1978-1982",,,,"1983-1987",,,,"1988-1992",,,,"1993-1997",,,,"1998-2002",,,,"2003-2007",,,,"2008-2012",,,,"2013-2017",,
"Uganda","MDG 7.5. Freshwater withdrawal as % of total renewable water resources (%)",,,"",,,,"",,1970,0.3328,"I",,,,"",,,,"",,,,"",,,,"",,,,"",,2002,0.5281,"I",,,,"",,2008,1.06,"I",,,,"",

"",,,"1958-1962",,,,"1963-1967",,,,"1968-1972",,,,"1973-1977",,,,"1978-1982",,,,"1983-1987",,,,"1988-1992",,,,"1993-1997",,,,"1998-2002",,,,"2003-2007",,,,"2008-2012",,,,"2013-2017",,
"Ukraine","MDG 7.5. Freshwater withdrawal as % of total renewable water resources (%)",,,"",,,,"",,,,"",,,,"",,,,"",,,,"",,1992,14.83,"I",,,,"",,2000,10.43,"I",,2005,8.602,"I",,2010,8.471,"I",,,,"",

"",,,"1958-1962",,,,"1963-1967",,,,"1968-1972",,,,"1973-1977",,,,"1978-1982",,,,"1983-1987",,,,"1988-1992",,,,"1993-1997",,,,"1998-2002",,,,"2003-2007",,,,"2008-2012",,,,"2013-2017",,
"United Arab Emirates","MDG 7.5. Freshwater withdrawal as % of total renewable water resources (%)",,,"",,,,"",,,,"",,,,"",,1980,600.0,"",,,,"",,,,"",,1995,1149.0,"",,2000,1556.0,"I",,2005,1867.0,"I",,,,"",,,,"",

"",,,"1958-1962",,,,"1963-1967",,,,"1968-1972",,,,"1973-1977",,,,"1978-1982",,,,"1983-1987",,,,"1988-1992",,,,"1993-1997",,,,"1998-2002",,,,"2003-2007",,,,"2008-2012",,,,"2013-2017",,
"United Kingdom","MDG 7.5. Freshwater withdrawal as % of total renewable water resources (%)",,,"",,,,"",,,,"",,,,"",,1980,9.17,"K",,1985,7.823,"K",,1990,8.177,"K",,1995,8.224,"K",,2002,10.73,"K",,2007,5.769,"K",,2012,5.454,"K",,,,"",

"",,,"1958-1962",,,,"1963-1967",,,,"1968-1972",,,,"1973-1977",,,,"1978-1982",,,,"1983-1987",,,,"1988-1992",,,,"1993-1997",,,,"1998-2002",,,,"2003-2007",,,,"2008-2012",,,,"2013-2017",,
"United Republic of Tanzania","MDG 7.5. Freshwater withdrawal as % of total renewable water resources (%)",,,"",,,,"",,,,"",,,,"",,,,"",,,,"",,,,"",,,,"",,2002,5.385,"K",,,,"",,,,"",,,,"",

"",,,"1958-1962",,,,"1963-1967",,,,"1968-1972",,,,"1973-1977",,,,"1978-1982",,,,"1983-1987",,,,"1988-1992",,,,"1993-1997",,,,"1998-2002",,,,"2003-2007",,,,"2008-2012",,,,"2013-2017",,
"United States of America","MDG 7.5. Freshwater withdrawal as % of total renewable water resources (%)",,,"",,,,"",,,,"",,,,"",,1980,16.87,"K",,,,"",,1990,15.15,"",,,,"",,2000,15.43,"",,2005,15.59,"",,2010,13.64,"",,,,"",

"",,,"1958-1962",,,,"1963-1967",,,,"1968-1972",,,,"1973-1977",,,,"1978-1982",,,,"1983-1987",,,,"1988-1992",,,,"1993-1997",,,,"1998-2002",,,,"2003-2007",,,,"2008-2012",,,,"2013-2017",,
"Uruguay","MDG 7.5. Freshwater withdrawal as % of total renewable water resources (%)",,,"",,1965,0.3775,"",,,,"",,,,"",,,,"",,,,"",,,,"",,,,"",,2000,2.125,"",,,,"",,,,"",,,,"",

"",,,"1958-1962",,,,"1963-1967",,,,"1968-1972",,,,"1973-1977",,,,"1978-1982",,,,"1983-1987",,,,"1988-1992",,,,"1993-1997",,,,"1998-2002",,,,"2003-2007",,,,"2008-2012",,,,"2013-2017",,
"Uzbekistan","MDG 7.5. Freshwater withdrawal as % of total renewable water resources (%)",,,"",,,,"",,,,"",,,,"",,,,"",,,,"",,,,"",,1994,110.0,"I",,2001,110.0,"I",,2005,100.6,"I",,,,"",,,,"",

"",,,"1958-1962",,,,"1963-1967",,,,"1968-1972",,,,"1973-1977",,,,"1978-1982",,,,"1983-1987",,,,"1988-1992",,,,"1993-1997",,,,"1998-2002",,,,"2003-2007",,,,"2008-2012",,,,"2013-2017",,
"Vanuatu","MDG 7.5. Freshwater withdrawal as % of total renewable water resources (%)",,,"",,,,"",,,,"",,,,"",,,,"",,,,"",,,,"",,,,"",,,,"",,,,"",,,,"",,,,"",

"",,,"1958-1962",,,,"1963-1967",,,,"1968-1972",,,,"1973-1977",,,,"1978-1982",,,,"1983-1987",,,,"1988-1992",,,,"1993-1997",,,,"1998-2002",,,,"2003-2007",,,,"2008-2012",,,,"2013-2017",,
"Venezuela (Bolivarian Republic of)","MDG 7.5. Freshwater withdrawal as % of total renewable water resources (%)",,,"",,,,"",,1970,0.3094,"",,,,"",,,,"",,,,"",,,,"",,,,"",,2000,0.6837,"I",,2007,1.707,"I",,,,"",,,,"",

"",,,"1958-1962",,,,"1963-1967",,,,"1968-1972",,,,"1973-1977",,,,"1978-1982",,,,"1983-1987",,,,"1988-1992",,,,"1993-1997",,,,"1998-2002",,,,"2003-2007",,,,"2008-2012",,,,"2013-2017",,
"Viet Nam","MDG 7.5. Freshwater withdrawal as % of total renewable water resources (%)",,,"",,,,"",,,,"",,,,"",,1980,4.282,"",,1985,5.12,"",,,,"",,,,"",,,,"",,2005,9.259,"",,,,"",,,,"",

"",,,"1958-1962",,,,"1963-1967",,,,"1968-1972",,,,"1973-1977",,,,"1978-1982",,,,"1983-1987",,,,"1988-1992",,,,"1993-1997",,,,"1998-2002",,,,"2003-2007",,,,"2008-2012",,,,"2013-2017",,
"Yemen","MDG 7.5. Freshwater withdrawal as % of total renewable water resources (%)",,,"",,,,"",,,,"",,,,"",,,,"",,,,"",,1990,139.1,"I",,,,"",,2000,161.1,"I",,2005,168.6,"I",,,,"",,,,"",

"",,,"1958-1962",,,,"1963-1967",,,,"1968-1972",,,,"1973-1977",,,,"1978-1982",,,,"1983-1987",,,,"1988-1992",,,,"1993-1997",,,,"1998-2002",,,,"2003-2007",,,,"2008-2012",,,,"2013-2017",,
"Zambia","MDG 7.5. Freshwater withdrawal as % of total renewable water resources (%)",,,"",,,,"",,,,"",,,,"",,,,"",,,,"",,1992,1.667,"I",,1995,1.471,"",,2002,1.5,"I",,,,"",,,,"",,,,"",

"",,,"1958-1962",,,,"1963-1967",,,,"1968-1972",,,,"1973-1977",,,,"1978-1982",,,,"1983-1987",,,,"1988-1992",,,,"1993-1997",,,,"1998-2002",,,,"2003-2007",,,,"2008-2012",,,,"2013-2017",,
"Zimbabwe","MDG 7.5. Freshwater withdrawal as % of total renewable water resources (%)",,,"",,,,"",,,,"",,,,"",,,,"",,1987,6.1,"",,,,"",,,,"",,2002,21.02,"",,2007,17.85,"",,,,"",,,,"",



E - External data
I - AQUASTAT estimate
K - Aggregate data
L - Modelled data
(c) 2017 FAO of the UN
The information contained in AQUASTAT is provided free of charge to all users. Please quote as follows:
FAO. 2016. AQUASTAT Main Database - Food and Agriculture Organization of the United Nations (FAO). Website accessed on[17/11/2017 21:35]

